--
-- Dumping data for table `artists`
--

INSERT INTO `artists` (`id`, `timestamp`, `visible`, `name`, `about`, `image_key`, `slug`, `sort_order`) VALUES
(2, '2012-10-05 21:44:21', 0, 'Marten', '<div>\r\n	<strong>/ Marten&nbsp;</strong>- 22 года. Санкт-Петербург.</div>\r\n<p>\r\n	&nbsp;</p>\r\n<div>\r\n	<em>&quot;Рисую всем подряд и на чем угодно, любовь к скейтбордингу зародилась лет в 14-15 с тех пор не проходит.&quot;</em></div>\r\n<div id="myEventWatcherDiv" style="display:none;">\r\n	&nbsp;</div>\r\n<div id="myEventWatcherDiv" style="display:none;">\r\n	&nbsp;</div>\r\n<div id="myEventWatcherDiv" style="display:none;">\r\n	&nbsp;</div>\r\n<div id="myEventWatcherDiv" style="display:none;">\r\n	&nbsp;</div>\r\n<div id="myEventWatcherDiv" style="display:none;">\r\n	&nbsp;</div>\r\n<div id="myEventWatcherDiv" style="display:none;">\r\n	&nbsp;</div>\r\n<div id="myEventWatcherDiv" style="display:none;">\r\n	&nbsp;</div>\r\n<div id="myEventWatcherDiv" style="display:none;">\r\n	&nbsp;</div>\r\n<div id="myEventWatcherDiv" style="display:none;">\r\n	&nbsp;</div>\r\n<div id="myEventWatcherDiv" style="display:none;">\r\n	&nbsp;</div>\r\n<div id="myEventWatcherDiv" style="display:none;">\r\n	&nbsp;</div>\r\n<div id="myEventWatcherDiv" style="display:none;">\r\n	&nbsp;</div>\r\n<div id="myEventWatcherDiv" style="display:none;">\r\n	&nbsp;</div>\r\n<div id="myEventWatcherDiv" style="display:none;">\r\n	&nbsp;</div>\r\n', '47160297b8c234732c90de96dedd8644.jpg', 'marten', 22),
(3, '2012-10-05 21:46:49', 0, 'Даша Kudri', '<p>\r\n	<strong><span style="color: rgb(0, 0, 0); font-family: Tahoma, Arial, Verdana, sans-serif; ">/</span>Даша Kudri - 25 лет. Санкт-Петрбург.</strong></p>\r\n<div>\r\n	<em><span style="color: rgb(0, 0, 0); font-family: tahoma, arial, verdana, sans-serif, ''Lucida Sans''; font-size: 10.909090995788574px; line-height: 16.363636016845703px; ">&quot;У тебя всегда должен быть какой-то продукт,помимо &quot;тебя самого&quot;. Актрисе следует подсичтывать пьесы и фильмы, фотомодели-фотографии, писателю слова, а художнику-картины,чтобы всегда точно знать, что ты стоишь,а не зацикливаться на мысли что твой продукт- это ты сам,твоя слава и твоя аура. &quot; (с) Энди Уорхол</span></em></div>\r\n<div id="myEventWatcherDiv" style="display:none;">\r\n	&nbsp;</div>\r\n<div id="myEventWatcherDiv" style="display:none;">\r\n	&nbsp;</div>\r\n<div id="myEventWatcherDiv" style="display:none;">\r\n	&nbsp;</div>\r\n<div id="myEventWatcherDiv" style="display:none;">\r\n	&nbsp;</div>\r\n<div id="myEventWatcherDiv" style="display:none;">\r\n	&nbsp;</div>\r\n<div id="myEventWatcherDiv" style="display:none;">\r\n	&nbsp;</div>\r\n<div id="myEventWatcherDiv" style="display:none;">\r\n	&nbsp;</div>\r\n<div id="myEventWatcherDiv" style="display:none;">\r\n	&nbsp;</div>\r\n<div id="myEventWatcherDiv" style="display:none;">\r\n	&nbsp;</div>\r\n<div id="myEventWatcherDiv" style="display:none;">\r\n	&nbsp;</div>\r\n<div id="myEventWatcherDiv" style="display:none;">\r\n	&nbsp;</div>\r\n<div id="myEventWatcherDiv" style="display:none;">\r\n	&nbsp;</div>\r\n<div id="myEventWatcherDiv" style="display:none;">\r\n	&nbsp;</div>\r\n<div id="myEventWatcherDiv" style="display:none;">\r\n	&nbsp;</div>\r\n<div id="myEventWatcherDiv" style="display:none;">\r\n	&nbsp;</div>\r\n<div id="myEventWatcherDiv" style="display:none;">\r\n	&nbsp;</div>\r\n<div id="myEventWatcherDiv" style="display:none;">\r\n	&nbsp;</div>\r\n', '710b88eaf6d6a1daf59491cf4b7d54c2.jpg', 'dasha-kudri', 47),
(4, '2012-10-05 21:47:05', 0, ' P.M.', '<div>\r\n	<strong>P.M. - 24 года.</strong></div>\r\n<div>\r\n	<strong>Санкт-Петрбург - Москва</strong></div>\r\n<div>\r\n	&nbsp;</div>\r\n<div>\r\n	Петрова Марина</div>\r\n<div>\r\n	Окончила Московский художественно-промышленный институт. Работала графическим дизайнером в крупных российских компаниях. В 2012 году переехала в Санкт-Петербург. Вдохновляется Кубриком, Шекли, Лемом, Кабо, Буковски и своим чихуахуа Йоши.</div>\r\n', 'fcdbbd16e77cfbebaaf2885cd706b556.jpg', 'pm', 46),
(6, '2012-10-05 21:47:54', 0, 'Дима TPC', '<p>\r\n	<span style="font-size:16px;"><strong><span style="color: rgb(0, 0, 0); font-family: Tahoma, Arial, Verdana, sans-serif; ">/</span><span style="color: rgb(0, 0, 0); font-family: tahoma, arial, verdana, sans-serif, ''Lucida Sans''; line-height: 16.363636016845703px; ">Дима ТРС - 24 года. Тамбов. </span></strong></span></p>\r\n<div>\r\n	<span style="font-family:arial,helvetica,sans-serif;"><span style="font-size:14px;"><span style="color: rgb(0, 0, 0); line-height: 16.363636016845703px; ">&quot;Панкрок и прочие сомнительные занятия. 6 лет рисования дома и на улице, для друзей и прохожих.&quot;</span></span></span></div>\r\n<div id="myEventWatcherDiv" style="display:none;">\r\n	&nbsp;</div>\r\n<div id="myEventWatcherDiv" style="display:none;">\r\n	&nbsp;</div>\r\n<div id="myEventWatcherDiv" style="display:none;">\r\n	&nbsp;</div>\r\n<div id="myEventWatcherDiv" style="display:none;">\r\n	&nbsp;</div>\r\n<div id="myEventWatcherDiv" style="display:none;">\r\n	&nbsp;</div>\r\n<div id="myEventWatcherDiv" style="display:none;">\r\n	&nbsp;</div>\r\n<div id="myEventWatcherDiv" style="display:none;">\r\n	&nbsp;</div>\r\n<div id="myEventWatcherDiv" style="display:none;">\r\n	&nbsp;</div>\r\n<div id="myEventWatcherDiv" style="display:none;">\r\n	&nbsp;</div>\r\n<div id="myEventWatcherDiv" style="display:none;">\r\n	&nbsp;</div>\r\n<div id="myEventWatcherDiv" style="display:none;">\r\n	&nbsp;</div>\r\n<div id="myEventWatcherDiv" style="display:none;">\r\n	&nbsp;</div>\r\n<div id="myEventWatcherDiv" style="display:none;">\r\n	&nbsp;</div>\r\n', '949b016c19815209701120b2fb833046.jpg', 'dima-trs', 49),
(10, '2012-10-05 21:55:00', 0, 'Якименко Оля', '<p>\r\n	<strong>Якименко Оля</strong></p>\r\n<p>\r\n	<span style="color: rgb(0, 0, 0); font-family: tahoma, arial, verdana, sans-serif, ''Lucida Sans''; font-size: 10.909090995788574px; line-height: 16.363636016845703px; ">Якименко Ольга, 21 год. Специального художественного образования не имеет. Рисует около 3х лет, преимущественно цветными карандашами и маслом.</span><br style="color: rgb(0, 0, 0); font-family: tahoma, arial, verdana, sans-serif, ''Lucida Sans''; font-size: 10.909090995788574px; line-height: 16.363636016845703px; " />\r\n	<span style="color: rgb(0, 0, 0); font-family: tahoma, arial, verdana, sans-serif, ''Lucida Sans''; font-size: 10.909090995788574px; line-height: 16.363636016845703px; ">Любимые художники &ndash; Да Винчи, Дали, Вермеер, Дюрер, Босх.</span><br style="color: rgb(0, 0, 0); font-family: tahoma, arial, verdana, sans-serif, ''Lucida Sans''; font-size: 10.909090995788574px; line-height: 16.363636016845703px; " />\r\n	<span style="color: rgb(0, 0, 0); font-family: tahoma, arial, verdana, sans-serif, ''Lucida Sans''; font-size: 10.909090995788574px; line-height: 16.363636016845703px; ">В настоящее время учится и проживает во Пскове.</span></p>\r\n<div id="myEventWatcherDiv" style="display:none;">\r\n	&nbsp;</div>\r\n<div id="myEventWatcherDiv" style="display:none;">\r\n	&nbsp;</div>\r\n<div id="myEventWatcherDiv" style="display:none;">\r\n	&nbsp;</div>\r\n<div id="myEventWatcherDiv" style="display:none;">\r\n	&nbsp;</div>\r\n<div id="myEventWatcherDiv" style="display:none;">\r\n	&nbsp;</div>\r\n', 'dd9a052ac45e2d3c5326f7491615198f.jpg', 'olja', 31),
(16, '2012-10-19 19:41:20', 0, 'IVANIKA', '<p>\r\n	&nbsp;</p>\r\n<div>\r\n	<strong>IVANIKA</strong> - Санкт-Петербург.</div>\r\n<div>\r\n	&nbsp;</div>\r\n<div>\r\n	<strong>Nika,</strong> 21 год, студентка Академии им.Штиглица.</div>\r\n<div>\r\n	&nbsp;</div>\r\n<div>\r\n	<strong>Ivan Cros</strong>, 23 года, патологоанатом.</div>\r\n<div>\r\n	&nbsp;</div>\r\n<div>\r\n	<em>&quot;10 лет рисования на стенах-для кого?..Граффити это не только хип хоп. Хардкор? Металл?&nbsp;</em><em>Отвечая себе на эти вопросы мы нашли друг друга.</em><em>Я и Она. Теперь шрифты для обложек альбомов металл групп слились с Ее персонажами в&nbsp;</em><em>одно целое.&nbsp;</em><em>Вдвоем мы можем все, но не можем ничего. Вдвоем мы не можем ничего,но можем все.&quot;</em></div>\r\n', '5781442fbe949874542f08afebb163f8.jpg', 'ivanika', 42),
(17, '2012-12-13 18:28:49', 0, 'РОМЕО ГРИБОЧКИН', '<p>\r\n	<strong><span style="color: rgb(0, 0, 0); font-family: Tahoma, Arial, Verdana, sans-serif;">/</span>Ромео Грибочкин - 25 лет. Москва</strong></p>\r\n<p>\r\n	Роман Бадак</p>\r\n<p>\r\n	<em><span style="font-size:12px;">&quot;</span><span style="color: rgb(0, 0, 0); font-family: tahoma, arial, verdana, sans-serif, ''Lucida Sans''; font-size: 11px; line-height: 16px;">Вдохновляют кофе, космос и Drum-and-Bass.</span><span style="font-size:12px;">&quot;</span></em></p>\r\n', 'f4b9d69def6b879409a68257f0c19503.jpg', 'romeo-gribochkin', 24),
(18, '2012-12-14 02:27:42', 1, 'ХУДОЖНИКИ DОSКИ&КРАSКИ 2012', '<p>\r\n	<strong>/ MARTEN&nbsp;</strong></p>\r\n<p>\r\n	<strong>/ ДАША KUDRI </strong></p>\r\n<p>\r\n	<strong>/ P.M.</strong></p>\r\n<p>\r\n	<strong>/ SNOOM SEMAY</strong></p>\r\n<p>\r\n	<strong>/ ДИМА ТРС</strong></p>\r\n<p>\r\n	<strong>/ VALENTINA CHE</strong></p>\r\n<p>\r\n	<strong>/ 8KATE DOG</strong></p>\r\n<p>\r\n	<strong>/ АРТЕМ СТРИЖКОВ</strong></p>\r\n<p>\r\n	<strong>/ ЯКИМЕНКО ОЛЯ</strong></p>\r\n<p>\r\n	<strong>/ IVANIKA </strong></p>\r\n<p>\r\n	<strong>/ ОПАСНЫХ МАКСИМ </strong></p>\r\n<p>\r\n	<strong>/ GUDERMES</strong></p>\r\n<p>\r\n	<strong>/ ТАКТАК</strong></p>\r\n<div id="myEventWatcherDiv" style="display:none;">\r\n	&nbsp;</div>\r\n<div id="myEventWatcherDiv" style="display:none;">\r\n	&nbsp;</div>\r\n<div id="myEventWatcherDiv" style="display:none;">\r\n	&nbsp;</div>\r\n<div id="myEventWatcherDiv" style="display:none;">\r\n	&nbsp;</div>\r\n<div id="myEventWatcherDiv" style="display:none;">\r\n	&nbsp;</div>\r\n<div id="myEventWatcherDiv" style="display:none;">\r\n	&nbsp;</div>\r\n<div id="myEventWatcherDiv" style="display:none;">\r\n	&nbsp;</div>\r\n', 'f9f1bad0319d499225904b2281fb6f1c.jpg', 'hudozhniki-doskikraski-2012', 3),
(19, '2012-12-14 02:32:54', 1, 'Участие в проекте ', '<p>\r\n	&nbsp;</p>\r\n<p>\r\n	<span style="font-size:14px;">Для того, что бы стать участником выставки DОSКИ &amp; КРАSКИ необходимо отправить портфолио своих работ с небольшим описанием себя (возраст, город, и т.д.) &nbsp;на <u><a href="mailto:doski.kraski@gmail.com?subject=%D0%97%D0%B0%D1%8F%D0%B2%D0%BA%D0%B0%20%D0%BD%D0%B0%20%D1%83%D1%87%D0%B0%D1%81%D1%82%D0%B8%D0%B5%20%D0%B2%20%D0%BF%D1%80%D0%BE%D0%B5%D0%BA%D1%82%D0%B5%20D%D0%9ES%D0%9A%D0%98%20%26%20%D0%9A%D0%A0%D0%90S%D0%9A%D0%98">doski.kraski@gmail.com</a></u></span></p>\r\n<p>\r\n	&nbsp;</p>\r\n<p>\r\n	<em>Кураторы проекта&nbsp;</em></p>\r\n<p>\r\n	<em>DОSКИ &amp; КРАSКИ,</em></p>\r\n<p>\r\n	<em>Рeace,love,art!</em></p>\r\n<div id="myEventWatcherDiv" style="display:none;">\r\n	&nbsp;</div>\r\n<div id="myEventWatcherDiv" style="display:none;">\r\n	&nbsp;</div>\r\n', NULL, 'uchastie-v-vistavke', 20),
(22, '2013-01-14 14:05:24', 0, 'ВА СК', '<p>\r\n	<strong><span style="color: rgb(0, 0, 0); font-family: Tahoma, Arial, Verdana, sans-serif; ">/</span><span style="font-family: arial, sans-serif; font-size: 13px; ">ВА СК -&nbsp;</span></strong><span style="font-family: arial, sans-serif; font-size: 13px; ">22 года. Санкт-Петербург.</span></p>\r\n<p>\r\n	<br style="font-family: arial, sans-serif; font-size: 13px; " />\r\n	<em><span style="font-family: arial, sans-serif; font-size: 13px; ">&quot;Рисовать начал год назад, отвлекался от монотонной работы в банке.</span><br style="font-family: arial, sans-serif; font-size: 13px; " />\r\n	<span style="font-family: arial, sans-serif; font-size: 13px; ">Обыкновенная гелевая ручка и карандаш.&quot;</span></em></p>\r\n', 'd219f6b879f13e16e7dd54115e4eba7d.jpg', 'va-ck', 27),
(29, '2013-01-14 14:08:03', 0, 'CHILL WILL', '<p>\r\n	<strong><span style="color: rgb(0, 0, 0); font-family: Tahoma, Arial, Verdana, sans-serif;">/</span></strong><span style="font-family: arial, sans-serif; font-size: 13px;"><strong>Аня CHILL WILL</strong> -&nbsp;</span><span style="font-family: arial, sans-serif; font-size: 13px;">23 года. Рязань.</span><br style="font-family: arial, sans-serif; font-size: 13px;" />\r\n	<br style="font-family: arial, sans-serif; font-size: 13px;" />\r\n	<em><span style="font-family: arial, sans-serif; font-size: 13px;">&quot;И я не знаю, каков процент</span><br style="font-family: arial, sans-serif; font-size: 13px;" />\r\n	<span style="font-family: arial, sans-serif; font-size: 13px;">Сумасшедших на данный час,</span><br style="font-family: arial, sans-serif; font-size: 13px;" />\r\n	<span style="font-family: arial, sans-serif; font-size: 13px;">Но если верить глазам и ушам &mdash;</span><br style="font-family: arial, sans-serif; font-size: 13px;" />\r\n	<span style="font-family: arial, sans-serif; font-size: 13px;">Больше в несколько раз&quot;. </span></em></p>\r\n<p>\r\n	<span style="font-family: arial, sans-serif; font-size: 13px;">гр.Кино</span></p>\r\n', '5c82fe0e5a78b592c78953dbd6868e7e.jpg', 'chill-will', 37),
(31, '2013-01-14 14:08:56', 0, 'ИЛЬЯ ТОРАВИК', '<p>\r\n	<strong><span style="color: rgb(0, 0, 0); font-family: Tahoma, Arial, Verdana, sans-serif;">/</span>ИЛЬЯ ТОРАВИК </strong>- 24 года. Санкт-Петрбург.</p>\r\n<p>\r\n	<em><span style="color: rgb(0, 0, 0); font-family: tahoma, arial, verdana, sans-serif, ''Lucida Sans''; font-size: 11px; line-height: 15px;">&quot;Привет! Меня зовут Илья Торавик. Всё, что я могу сказать о себе, это &quot;скейтбординг&quot;, &quot;искусство&quot; и конечно &quot;музыка&quot;. Эти три вещи следуют со мной по жизни уже около 10 лет (рисую примерно лет 7, катаюсь лет 10). В искусстве я предпочитаю развиваться всесторонне, не придерживаюсь каких-то определенных стилей, материалов или направлений. Что же касается музыки, то направления, которые я катирую, разбросаны от darkambient и dron&#39;а до олдскул хипхопчика и митолла. За свою скейтборд жизнь, я принял участие в съемках трех локальных скейтвидео, когда-то был в команде местного скейтшопа (г.Ставрополь, скейтшоп &quot;Прорыв&quot;). Это пожалуй и всё. Всем доски-краски ! Пис!&quot;</span></em></p>\r\n', '13865e80ee41c9e3f3008ac553405ed7.jpg', 'ilja-toravik', 30),
(32, '2013-01-14 14:09:43', 0, 'ВЕРА КАЛУГИНА', '<p>\r\n	<strong><span style="color: rgb(0, 0, 0); font-family: Tahoma, Arial, Verdana, sans-serif;">/</span>ВЕРА КАЛУГИНА</strong><span style="font-family: arial, sans-serif; font-size: 13px;">&nbsp;- 24 года. Якутск.Санкт-Петербург.</span></p>\r\n<p>\r\n	<br style="font-family: arial, sans-serif; font-size: 13px;" />\r\n	<em><span style="font-family: arial, sans-serif; font-size: 13px;">&quot;Я думаю, что люди хорошие, а погоду можно любить всякую.&quot;</span></em></p>\r\n', '0ca44ed98fbcf9fdc2cfcdfb987a117f.jpg', 'vera-kalugina', 35),
(38, '2013-01-14 14:12:26', 0, 'Саша Samer', '', 'f5111e63603b62439f8a22d63d9cdbf6.jpg', 'shashasamer', 21),
(39, '2013-01-14 14:12:38', 0, 'ЕГОР КЕОН', '<p>\r\n	/Егор Кеон - 24 года. Беларусь. &nbsp;Гомель.</p>\r\n<p>\r\n	&quot;Понял, что хочу рисовать, достаточно поздно, когда закончил школу. Затем было художественное училище. Армия слегка подкосила мои скиллы. Теперь я снова боевая творческа единица.&quot;</p>\r\n', 'd5abfe98b00ab2d7992e131a81773d7a.jpg', 'egor-keon', 23),
(41, '2013-01-14 14:13:07', 0, 'CAITLIN', '<p>\r\n	<strong><span style="color: rgb(0, 0, 0); font-family: Tahoma, Arial, Verdana, sans-serif;">/</span>ЕКАТЕРИНА ТРОФИМОВА -&nbsp;</strong><span style="font-family: arial, sans-serif; font-size: 13px;">21 год. Санкт-Петербург.</span></p>\r\n<div>\r\n	<p>\r\n		<em><span style="font-family: arial, sans-serif; font-size: 13px;">&quot;Я катаюсь на лонгборде два сезона. Стандартный дизайн дэки мне наскучил, и я заменила его своим. С тех пор и рисую. Вообще-то я инженер, специалист по наноматериалам, но это, наверное, мало кому интересно.&quot;</span></em></p>\r\n</div>\r\n<p>\r\n	&nbsp;</p>\r\n', '9d1b0eff3fa75d9701dbea3b3717c124.jpg', 'caitlin', 33),
(42, '2013-01-14 14:13:30', 0, 'НИКИТА БАСКАКОВ', '<p>\r\n	<strong><span style="color: rgb(0, 0, 0); font-family: Tahoma, Arial, Verdana, sans-serif;">/</span></strong><span style="font-family: arial, sans-serif; font-size: 13px;"><strong>НИКИТА БАСКАКОВ</strong>&nbsp;- 25 лет. Барнаул.</span><br style="font-family: arial, sans-serif; font-size: 13px;" />\r\n	<br style="font-family: arial, sans-serif; font-size: 13px;" />\r\n	<br />\r\n	<span style="font-family: arial, sans-serif; font-size: 13px;">Представляет NEPTUNE BOARDS</span><br style="font-family: arial, sans-serif; font-size: 13px;" />\r\n	<span style="font-family: arial, sans-serif; font-size: 13px;">Делает и ремонтирует доски.&nbsp;</span><br style="font-family: arial, sans-serif; font-size: 13px;" />\r\n	<span style="font-family: arial, sans-serif; font-size: 13px;">Создаёт арт для метал-панк обложек, афиш.</span><br style="font-family: arial, sans-serif; font-size: 13px;" />\r\n	<br style="font-family: arial, sans-serif; font-size: 13px;" />\r\n	<em><span style="font-family: arial, sans-serif; font-size: 13px;">&quot;Олдскул, сёрф-панк, 80ые!&quot;</span></em></p>\r\n', 'f77801ba5ecd79898ba1db6e98886de8.jpg', 'nikita-baskakov', 26),
(46, '2013-01-14 14:14:43', 0, 'TAME 69', '<p>\r\n	<strong><span style="color: rgb(0, 0, 0); font-family: Tahoma, Arial, Verdana, sans-serif;">/</span>TAME 69</strong> -22 года.<span style="color: rgb(0, 0, 0); font-family: tahoma, arial, verdana, sans-serif, ''Lucida Sans''; font-size: 11px; line-height: 16px;">Минск. Беларусь.</span></p>\r\n<p>\r\n	<span style="color: rgb(0, 0, 0); font-family: tahoma, arial, verdana, sans-serif, ''Lucida Sans''; font-size: 11px; line-height: 16px;">Феськов Иван</span><span style="color: rgb(0, 0, 0); font-family: tahoma, arial, verdana, sans-serif, ''Lucida Sans''; font-size: 11px; line-height: 16px;">. Студент, дизайнер / иллюстратор.</span><br style="color: rgb(0, 0, 0); font-family: tahoma, arial, verdana, sans-serif, ''Lucida Sans''; font-size: 11px; line-height: 16px;" />\r\n	<em><span style="color: rgb(0, 0, 0); font-family: tahoma, arial, verdana, sans-serif, ''Lucida Sans''; font-size: 11px; line-height: 16px;">&quot;С детства люблю скейтборды и рисовать.</span><br style="color: rgb(0, 0, 0); font-family: tahoma, arial, verdana, sans-serif, ''Lucida Sans''; font-size: 11px; line-height: 16px;" />\r\n	<span style="color: rgb(0, 0, 0); font-family: tahoma, arial, verdana, sans-serif, ''Lucida Sans''; font-size: 11px; line-height: 16px;">Основой в моих работах служит как правило - панк и рок-н-ролл.&quot;</span></em></p>\r\n', 'a9a9ee69898eacdb07b61d6bb07331fc.jpg', 'tame-69', 45),
(47, '2013-03-29 15:05:14', 0, 'Брэндон Дон', '<p>\r\n	<span style="font-size:14px;"><strong><span style="color: rgb(0, 0, 0); font-family: Tahoma, Arial, Verdana, sans-serif;">/</span><span style="color: rgb(0, 0, 0); font-family: tahoma, arial, verdana, sans-serif, ''Lucida Sans''; line-height: 16px; ">Алексей Машков - 22 года. г.</span><span style="color: rgb(0, 0, 0); font-family: tahoma, arial, verdana, sans-serif, ''Lucida Sans''; line-height: 16px; ">Хотьково.</span></strong></span></p>\r\n<div>\r\n	Выпускник Абромцевского Художественно - промышленного колледжа им.Васнецова.&nbsp;Факультет живописи.</div>\r\n<div>\r\n	Манера исполнения :</div>\r\n<div>\r\n	- Мягкий материал.</div>\r\n<div>\r\n	- Масло.</div>\r\n<div>\r\n	- Смешанная техника.<br />\r\n	- Цветной карандаш<br />\r\n	+ Мастер художественной Татуировки.</div>\r\n<div>\r\n	(куратор художника Borishartt)</div>\r\n<div id="myEventWatcherDiv" style="display:none;">\r\n	&nbsp;</div>\r\n<div id="myEventWatcherDiv" style="display:none;">\r\n	&nbsp;</div>\r\n<div id="myEventWatcherDiv" style="display:none;">\r\n	&nbsp;</div>\r\n<div id="myEventWatcherDiv" style="display:none;">\r\n	&nbsp;</div>\r\n<div id="myEventWatcherDiv" style="display:none;">\r\n	&nbsp;</div>\r\n<div id="myEventWatcherDiv" style="display:none;">\r\n	&nbsp;</div>\r\n<div id="myEventWatcherDiv" style="display:none;">\r\n	&nbsp;</div>\r\n<div id="myEventWatcherDiv" style="display:none;">\r\n	&nbsp;</div>\r\n<div id="myEventWatcherDiv" style="display:none;">\r\n	&nbsp;</div>\r\n<div id="myEventWatcherDiv" style="display:none;">\r\n	&nbsp;</div>\r\n<div id="myEventWatcherDiv" style="display:none;">\r\n	&nbsp;</div>\r\n<div id="myEventWatcherDiv" style="display:none;">\r\n	&nbsp;</div>\r\n<div id="myEventWatcherDiv" style="display:none;">\r\n	&nbsp;</div>\r\n<div id="myEventWatcherDiv" style="display:none;">\r\n	&nbsp;</div>\r\n', '0a1cabd4c75e3fba7654be9f91d42f24.jpg', 'brendon-don', 50),
(48, '2013-03-29 15:06:26', 0, 'Характер Нахуй', '<p>\r\n	<span style="font-size:14px;"><strong><span style="color: rgb(0, 0, 0); font-family: Tahoma, Arial, Verdana, sans-serif;">/</span><span style="color: rgb(0, 0, 0); font-family: tahoma, arial, verdana, sans-serif, ''Lucida Sans''; line-height: 16px; ">Сергей Паршин - 24 года. г.Гагарин. &nbsp;</span></strong></span></p>\r\n<div>\r\n	Выпускник Абромцевского Художественно - промышленного колледжа им.Васнецова</div>\r\n<div>\r\n	Факультет художественная керамика.<br />\r\n	<br />\r\n	Манера исполнения -&nbsp;&quot;duplication&quot;&nbsp;(пишет в своей манере технике исполнения).<br />\r\n	- Мягкий материал.<br />\r\n	- Масло.<br />\r\n	- Смешанная техника.<br />\r\n	- Цветной карандаш<br />\r\n	+ Мастер художественной Татуировки.</div>\r\n<div>\r\n	(куратор художника Borishartt)</div>\r\n<div id="myEventWatcherDiv" style="display:none;">\r\n	&nbsp;</div>\r\n<div id="myEventWatcherDiv" style="display:none;">\r\n	&nbsp;</div>\r\n<div id="myEventWatcherDiv" style="display:none;">\r\n	&nbsp;</div>\r\n<div id="myEventWatcherDiv" style="display:none;">\r\n	&nbsp;</div>\r\n<div id="myEventWatcherDiv" style="display:none;">\r\n	&nbsp;</div>\r\n<div id="myEventWatcherDiv" style="display:none;">\r\n	&nbsp;</div>\r\n<div id="myEventWatcherDiv" style="display:none;">\r\n	&nbsp;</div>\r\n<div id="myEventWatcherDiv" style="display:none;">\r\n	&nbsp;</div>\r\n<div id="myEventWatcherDiv" style="display:none;">\r\n	&nbsp;</div>\r\n<div id="myEventWatcherDiv" style="display:none;">\r\n	&nbsp;</div>\r\n', 'eb2affe43ab71ef30e31d0f2a2bf369c.jpg', 'harakter-nahuj', 51),
(49, '2013-06-17 20:44:08', 0, 'МАША ШАМАН', '<div>\r\n	<span style="font-size:14px;"><strong><span style="font-family: arial, sans-serif;">/ Мария Шаман - 21 год. </span><font face="arial, sans-serif">Москва</font></strong></span></div>\r\n<div>\r\n	<br style="font-family: arial, sans-serif; font-size: 13px;" />\r\n	<span style="font-size:14px;"><em><span style="font-family: arial, sans-serif;">&quot;Занимаюсь дизайном и иллюстрацией.</span><br style="font-family: arial, sans-serif; font-size: 13px;" />\r\n	<span style="font-family: arial, sans-serif;">Раздаю лучики добра.&quot;</span></em></span></div>\r\n<div id="myEventWatcherDiv" style="display:none;">\r\n	&nbsp;</div>\r\n', '334559adcddddde451be1653cffb7465.jpg', 'masha-shaman', 52),
(50, '2013-06-17 20:45:18', 0, 'TOTO', '<p>\r\n	<strong style="font-size: 14px;"><span style="font-family: arial, sans-serif;">/ TOTO - 30 лет.&nbsp;</span><font face="arial, sans-serif">Москва</font></strong></p>\r\n<div>\r\n	<span style="font-size:12px;"><em><span style="font-family: arial, sans-serif;">&quot;В основном занимаюсь графическим дизайном, в свободное время рисую всем чем можно и фотографирую.</span><br style="font-family: arial, sans-serif; font-size: 13px;" />\r\n	<span style="font-family: arial, sans-serif;">Увлекаюсь каллиграфией.</span><span style="font-family: arial, sans-serif;">Очень редко пишу Иконы.&quot;</span></em></span></div>\r\n', 'a860ad714c52a8f3a9053fc64f4b7582.png', 'toto', 48),
(51, '2013-09-13 10:24:24', 1, 'ХУДОЖНИКИ DОSКИ&КРАSКИ 2013', '<p>\r\n	<b><span style="font-size: 12px; "><strong>/ ДИМА ТРС / ДАША KUDRI / P.M. / ТАКТАК / MARTEN / ТAME 69 / ИНГА ГУРВИЧ / ВЛАДИСЛАВ ПАЦИАНСКИЙ / СТЕПАН ЖУРАВЛЕВ / IVANIKA &nbsp;/ ДМИТРИЙ СМОЛЯКОВ / CHILL WILL / СЛАВА PTRK / ВЕРА КАЛУГИНА / CAITLIN / ОЛЯ ЯКИМЕНКО / ЯРОСЛАВ СВИЧЕВСКИЙ / АЛЕКСЕЙ CAEZ / ИЛЬЯ ТОРАВИК / ВА СК / НИКИТА БАСКАКОВ / ЕГОР KEON / САША SAMER / РОМЕО ГРИБОЧКИН / БРЕНДОН ДОН / СЕРГЕЙ ПАРШИН&nbsp;<span style="font-size: 11px; ">/&nbsp;</span></strong></span><span style="font-size: 11px; ">special guest: Enot Jjk , Smiths Workshop</span></b></p>\r\n<div id="myEventWatcherDiv" style="display:none;">\r\n	&nbsp;</div>\r\n<div id="myEventWatcherDiv" style="display:none;">\r\n	&nbsp;</div>\r\n<div id="myEventWatcherDiv" style="display:none;">\r\n	&nbsp;</div>\r\n<div id="myEventWatcherDiv" style="display:none;">\r\n	&nbsp;</div>\r\n<div id="myEventWatcherDiv" style="display:none;">\r\n	&nbsp;</div>\r\n', '02a2b9d7fbb0901a7a19e49746d1b99d.jpg', 'hudozhniki-doskikraski-2013', 2),
(52, '2013-10-07 19:36:15', 0, 'Евгений Cowek', '<p>\r\n	<span style="font-size:16px;"><strong>/ Евгений Cowek,&nbsp;27 лет, Минск, Беларусь</strong></span></p>\r\n<p>\r\n	Рисую с самого детства, в 2013 году закончил академию искусств отделения скульптура, занимаюсь графикой, иллюстрацией,скульптурой, стрит-артом, участник и организатор различных выставак в Беларуси и за ее приделами, один из создателей в Беларуси журнала о стрит-арте &quot;Сигнал&quot;.</p>\r\n<p>\r\n	&quot;&quot; не ищи лучшее, а ищи свое, ведь лучшее не всегда сможет стать твоим, а свое всегда лучше&quot;&quot;</p>\r\n<p>\r\n	&nbsp;</p>\r\n<div id="myEventWatcherDiv" style="display:none;">\r\n	&nbsp;</div>\r\n<div id="myEventWatcherDiv" style="display:none;">\r\n	&nbsp;</div>\r\n<div id="myEventWatcherDiv" style="display:none;">\r\n	&nbsp;</div>\r\n<div id="myEventWatcherDiv" style="display:none;">\r\n	&nbsp;</div>\r\n<div id="myEventWatcherDiv" style="display:none;">\r\n	&nbsp;</div>\r\n<div id="myEventWatcherDiv" style="display:none;">\r\n	&nbsp;</div>\r\n<div id="myEventWatcherDiv" style="display:none;">\r\n	&nbsp;</div>\r\n<div id="myEventWatcherDiv" style="display:none;">\r\n	&nbsp;</div>\r\n<div id="myEventWatcherDiv" style="display:none;">\r\n	&nbsp;</div>\r\n<div id="myEventWatcherDiv" style="display:none;">\r\n	&nbsp;</div>\r\n<div id="myEventWatcherDiv" style="display:none;">\r\n	&nbsp;</div>\r\n<div id="myEventWatcherDiv" style="display:none;">\r\n	&nbsp;</div>\r\n<div id="myEventWatcherDiv" style="display:none;">\r\n	&nbsp;</div>\r\n<div id="myEventWatcherDiv" style="display:none;">\r\n	&nbsp;</div>\r\n', '4643b1ca37f21f5f699cc7890d3e032b.jpg', 'evgenij-cowek', 53),
(53, '2013-10-07 20:15:11', 0, 'Avroshell', '', 'da0fd9b1a30300624ecc908c7746a8a2.jpg', 'avroshell', 54),
(54, '2013-10-07 20:22:48', 0, 'Yeka Haski', '<p>\r\n	<strong><span style="font-size:16px;">/ Yeka Haski, 22 года, Санкт-Петербург</span></strong></p>\r\n<p>\r\n	I am Yeka Haski, an artist and designer living in Saint-Petersburg.<br style="clear: both; " />\r\n	I make images, design and artworks for clients and personal projects.&nbsp;<br style="clear: both; " />\r\n	The main themes in my work are Characters, Fun, Food and The Microcosm.</p>\r\n<div id="myEventWatcherDiv" style="display:none;">\r\n	&nbsp;</div>\r\n<div id="myEventWatcherDiv" style="display:none;">\r\n	&nbsp;</div>\r\n<div id="myEventWatcherDiv" style="display:none;">\r\n	&nbsp;</div>\r\n<div id="myEventWatcherDiv" style="display:none;">\r\n	&nbsp;</div>\r\n<div id="myEventWatcherDiv" style="display:none;">\r\n	&nbsp;</div>\r\n<div id="myEventWatcherDiv" style="display:none;">\r\n	&nbsp;</div>\r\n<div id="myEventWatcherDiv" style="display:none;">\r\n	&nbsp;</div>\r\n<div id="myEventWatcherDiv" style="display:none;">\r\n	&nbsp;</div>\r\n<div id="myEventWatcherDiv" style="display:none;">\r\n	&nbsp;</div>\r\n<div id="myEventWatcherDiv" style="display:none;">\r\n	&nbsp;</div>\r\n<div id="myEventWatcherDiv" style="display:none;">\r\n	&nbsp;</div>\r\n<div id="myEventWatcherDiv" style="display:none;">\r\n	&nbsp;</div>\r\n<div id="myEventWatcherDiv" style="display:none;">\r\n	&nbsp;</div>\r\n<div id="myEventWatcherDiv" style="display:none;">\r\n	&nbsp;</div>\r\n', '852560eb10b68129aaeee2333ecbc038.jpg', 'yeka_haski', 55),
(55, '2013-10-07 20:43:34', 0, 'Алиса Макарова', '<p>\r\n	<strong><span style="font-size:16px;">/ Алиса Макарова, 22 года, Санкт-Петербург</span></strong></p>\r\n<p>\r\n	я Алиса . работаю графическом дизайнером, все свободное время посвящаю иллюстрации. Люблю рисовать людей, зверей и птиц :)</p>\r\n<div id="myEventWatcherDiv" style="display:none;">\r\n	&nbsp;</div>\r\n<div id="myEventWatcherDiv" style="display:none;">\r\n	&nbsp;</div>\r\n<div id="myEventWatcherDiv" style="display:none;">\r\n	&nbsp;</div>\r\n<div id="myEventWatcherDiv" style="display:none;">\r\n	&nbsp;</div>\r\n<div id="myEventWatcherDiv" style="display:none;">\r\n	&nbsp;</div>\r\n<div id="myEventWatcherDiv" style="display:none;">\r\n	&nbsp;</div>\r\n<div id="myEventWatcherDiv" style="display:none;">\r\n	&nbsp;</div>\r\n<div id="myEventWatcherDiv" style="display:none;">\r\n	&nbsp;</div>\r\n<div id="myEventWatcherDiv" style="display:none;">\r\n	&nbsp;</div>\r\n<div id="myEventWatcherDiv" style="display:none;">\r\n	&nbsp;</div>\r\n<div id="myEventWatcherDiv" style="display:none;">\r\n	&nbsp;</div>\r\n<div id="myEventWatcherDiv" style="display:none;">\r\n	&nbsp;</div>\r\n<div id="myEventWatcherDiv" style="display:none;">\r\n	&nbsp;</div>\r\n<div id="myEventWatcherDiv" style="display:none;">\r\n	&nbsp;</div>\r\n', '417056afc27f11dbbe895028e00092c7.jpg', 'alisa-makarova', 56),
(56, '2013-10-07 20:54:20', 0, 'Timofeinik', '<p>\r\n	<strong><span style="font-size:16px;">/ Анастасия Тимофеева, 26 лет, Валдай (Санкт-Петербург)</span></strong></p>\r\n<p>\r\n	Подпольное имя - Timofeinik). В детском саду мама отвела меня в художку, это привело к тому, что сейчас я делаю диплом в институте дизайна и ДПИ и занимаюсь иллюстрацией. Любимая цитата (жаль не моя): &quot;главное - не мыслить табуретками&quot; Федор Сумкин.</p>\r\n<div id="myEventWatcherDiv" style="display:none;">\r\n	&nbsp;</div>\r\n<div id="myEventWatcherDiv" style="display:none;">\r\n	&nbsp;</div>\r\n<div id="myEventWatcherDiv" style="display:none;">\r\n	&nbsp;</div>\r\n<div id="myEventWatcherDiv" style="display:none;">\r\n	&nbsp;</div>\r\n<div id="myEventWatcherDiv" style="display:none;">\r\n	&nbsp;</div>\r\n<div id="myEventWatcherDiv" style="display:none;">\r\n	&nbsp;</div>\r\n<div id="myEventWatcherDiv" style="display:none;">\r\n	&nbsp;</div>\r\n<div id="myEventWatcherDiv" style="display:none;">\r\n	&nbsp;</div>\r\n<div id="myEventWatcherDiv" style="display:none;">\r\n	&nbsp;</div>\r\n<div id="myEventWatcherDiv" style="display:none;">\r\n	&nbsp;</div>\r\n<div id="myEventWatcherDiv" style="display:none;">\r\n	&nbsp;</div>\r\n<div id="myEventWatcherDiv" style="display:none;">\r\n	&nbsp;</div>\r\n', 'e12d69a5f06668b10dbca1aefc922d46.jpg', 'anastasija-timofeeva', 57),
(58, '2013-10-07 21:02:18', 0, 'Даша Ротнова', '<p>\r\n	<strong><span style="font-size:16px;">/ Даша Ротнова, 24 года, Санкт-Петербург</span></strong></p>\r\n<p>\r\n	<span style="font-size:14px;">&quot;Даша считает, что современное искусство страдает от излишней серьезности и трагичности. По ее мнению важно сохранять позитивный настрой и радовать зрителя деталями, поэтому лейтмотив её творчества - хорошее настроение. Все персонажи картин или графических иллюстраций художницы живут в собственном мире, они особенные и не пытаются быть на кого-то похожими. Даша специально избегает глубины пространства, выбирая двухмерное изображение с множеством красочных деталей в любимой сине-феолетово-бирюзовой гамме. Если вы еще не знакомы с Дашей, будьте уверены, ее персонажи очень похожи не неё.&quot;</span></p>\r\n<p>\r\n	<span style="font-size:14px;">(Д.Копылова)</span></p>\r\n<div id="myEventWatcherDiv" style="display:none;">\r\n	&nbsp;</div>\r\n<div id="myEventWatcherDiv" style="display:none;">\r\n	&nbsp;</div>\r\n<div id="myEventWatcherDiv" style="display:none;">\r\n	&nbsp;</div>\r\n<div id="myEventWatcherDiv" style="display:none;">\r\n	&nbsp;</div>\r\n<div id="myEventWatcherDiv" style="display:none;">\r\n	&nbsp;</div>\r\n<div id="myEventWatcherDiv" style="display:none;">\r\n	&nbsp;</div>\r\n<div id="myEventWatcherDiv" style="display:none;">\r\n	&nbsp;</div>\r\n<div id="myEventWatcherDiv" style="display:none;">\r\n	&nbsp;</div>\r\n<div id="myEventWatcherDiv" style="display:none;">\r\n	&nbsp;</div>\r\n<div id="myEventWatcherDiv" style="display:none;">\r\n	&nbsp;</div>\r\n<div id="myEventWatcherDiv" style="display:none;">\r\n	&nbsp;</div>\r\n<div id="myEventWatcherDiv" style="display:none;">\r\n	&nbsp;</div>\r\n<div id="myEventWatcherDiv" style="display:none;">\r\n	&nbsp;</div>\r\n<div id="myEventWatcherDiv" style="display:none;">\r\n	&nbsp;</div>\r\n<div id="myEventWatcherDiv" style="display:none;">\r\n	&nbsp;</div>\r\n<div id="myEventWatcherDiv" style="display:none;">\r\n	&nbsp;</div>\r\n<div id="myEventWatcherDiv" style="display:none;">\r\n	&nbsp;</div>\r\n', 'ab81bcad348814218f53522bde8a2275.jpg', 'dasha-rotnova', 59),
(59, '2013-10-07 21:08:43', 0, ' Aspik', '<p>\r\n	<strong><span style="font-size:16px;">/&nbsp;Евгений Aspik, Королёв</span></strong></p>\r\n<p>\r\n	&quot;У кого-то к успеху есть ключ,</p>\r\n<p>\r\n	Но у кого-то есть лом и отмычка&quot;</p>\r\n<div id="myEventWatcherDiv" style="display:none;">\r\n	&nbsp;</div>\r\n<div id="myEventWatcherDiv" style="display:none;">\r\n	&nbsp;</div>\r\n<div id="myEventWatcherDiv" style="display:none;">\r\n	&nbsp;</div>\r\n<div id="myEventWatcherDiv" style="display:none;">\r\n	&nbsp;</div>\r\n<div id="myEventWatcherDiv" style="display:none;">\r\n	&nbsp;</div>\r\n<div id="myEventWatcherDiv" style="display:none;">\r\n	&nbsp;</div>\r\n<div id="myEventWatcherDiv" style="display:none;">\r\n	&nbsp;</div>\r\n<div id="myEventWatcherDiv" style="display:none;">\r\n	&nbsp;</div>\r\n<div id="myEventWatcherDiv" style="display:none;">\r\n	&nbsp;</div>\r\n<div id="myEventWatcherDiv" style="display:none;">\r\n	&nbsp;</div>\r\n<div id="myEventWatcherDiv" style="display:none;">\r\n	&nbsp;</div>\r\n', 'c40f6181704a7004bfd1a8e70288679a.jpg', 'aspik', 60),
(60, '2013-10-07 21:14:53', 0, 'Марина Гончарова', '<p>\r\n	<strong><span style="font-size:16px;">/&nbsp;Марина Гончарова, Санкт-Петербург</span></strong></p>\r\n<div id="myEventWatcherDiv" style="display:none;">\r\n	&nbsp;</div>\r\n<div id="myEventWatcherDiv" style="display:none;">\r\n	&nbsp;</div>\r\n<div id="myEventWatcherDiv" style="display:none;">\r\n	&nbsp;</div>\r\n<div id="myEventWatcherDiv" style="display:none;">\r\n	&nbsp;</div>\r\n<div id="myEventWatcherDiv" style="display:none;">\r\n	&nbsp;</div>\r\n<div id="myEventWatcherDiv" style="display:none;">\r\n	&nbsp;</div>\r\n<div id="myEventWatcherDiv" style="display:none;">\r\n	&nbsp;</div>\r\n<div id="myEventWatcherDiv" style="display:none;">\r\n	&nbsp;</div>\r\n<div id="myEventWatcherDiv" style="display:none;">\r\n	&nbsp;</div>\r\n<div id="myEventWatcherDiv" style="display:none;">\r\n	&nbsp;</div>\r\n<div id="myEventWatcherDiv" style="display:none;">\r\n	&nbsp;</div>\r\n<div id="myEventWatcherDiv" style="display:none;">\r\n	&nbsp;</div>\r\n', '6f839a97f311b132d0382519de3725d0.jpg', 'marina-goncharova', 61),
(61, '2013-10-07 21:18:24', 0, 'Станислав Висков', '<p>\r\n	<strong><span style="font-size:16px;">/ Станислав Висков, 23 года, Санкт-Петербург</span></strong></p>\r\n<p>\r\n	Занимаюсь дизайном, а хочу рисовать!</p>\r\n<p>\r\n	&quot;Масштаб художника определяется масштабом миров в которых он обитает &quot; (с)</p>\r\n<div id="myEventWatcherDiv" style="display:none;">\r\n	&nbsp;</div>\r\n<div id="myEventWatcherDiv" style="display:none;">\r\n	&nbsp;</div>\r\n<div id="myEventWatcherDiv" style="display:none;">\r\n	&nbsp;</div>\r\n<div id="myEventWatcherDiv" style="display:none;">\r\n	&nbsp;</div>\r\n<div id="myEventWatcherDiv" style="display:none;">\r\n	&nbsp;</div>\r\n<div id="myEventWatcherDiv" style="display:none;">\r\n	&nbsp;</div>\r\n<div id="myEventWatcherDiv" style="display:none;">\r\n	&nbsp;</div>\r\n', 'd30da6629d24b791c9555c14893d89ea.jpg', 'stanislav-viskov', 62),
(62, '2013-10-07 21:19:05', 0, 'Саша Ашес', '<p>\r\n	<strong><span style="font-size:16px;">/ Саша Ашес, 20 лет, Санкт-Петербург</span></strong></p>\r\n<p>\r\n	<span style="font-size:16px;">Люблю свою собаку Гертруду и традицию. </span></p>\r\n<p>\r\n	<span style="font-size:16px;">Учусь в архитектурном и хочу скорей его закончить.</span></p>\r\n<div id="myEventWatcherDiv" style="display:none;">\r\n	&nbsp;</div>\r\n<div id="myEventWatcherDiv" style="display:none;">\r\n	&nbsp;</div>\r\n<div id="myEventWatcherDiv" style="display:none;">\r\n	&nbsp;</div>\r\n<div id="myEventWatcherDiv" style="display:none;">\r\n	&nbsp;</div>\r\n<div id="myEventWatcherDiv" style="display:none;">\r\n	&nbsp;</div>\r\n<div id="myEventWatcherDiv" style="display:none;">\r\n	&nbsp;</div>\r\n<div id="myEventWatcherDiv" style="display:none;">\r\n	&nbsp;</div>\r\n<div id="myEventWatcherDiv" style="display:none;">\r\n	&nbsp;</div>\r\n<div id="myEventWatcherDiv" style="display:none;">\r\n	&nbsp;</div>\r\n<div id="myEventWatcherDiv" style="display:none;">\r\n	&nbsp;</div>\r\n<div id="myEventWatcherDiv" style="display:none;">\r\n	&nbsp;</div>\r\n<div id="myEventWatcherDiv" style="display:none;">\r\n	&nbsp;</div>\r\n<div id="myEventWatcherDiv" style="display:none;">\r\n	&nbsp;</div>\r\n', '130bfdbc525d3e6713e33f532eed9ab1.jpg', 'sasha-ashes', 63),
(63, '2013-10-07 21:21:20', 0, 'Fym''s', '<p>\r\n	<strong><span style="font-size:16px;">/ Fym&#39;s, Санкт-Петербург</span></strong></p>\r\n<p style="text-align: left; ">\r\n	&nbsp;</p>\r\n<br />\r\n<div>\r\n	<span style="font-size:14px;">Творческое объединение<br />\r\n	Мы активно пропагандируем добро и позитив.<br />\r\n	Общение и совместное творчество.&nbsp;<br />\r\n	Граффити и стрит арт.<br />\r\n	Мы выделяемся благодаря своему стилю и характеру.<br />\r\n	Мы шьем, рисуем,изобретаем и изучаем.</span></div>\r\n<div id="myEventWatcherDiv" style="display:none;">\r\n	&nbsp;</div>\r\n<div id="myEventWatcherDiv" style="display:none;">\r\n	&nbsp;</div>\r\n<div id="myEventWatcherDiv" style="display:none;">\r\n	&nbsp;</div>\r\n<div id="myEventWatcherDiv" style="display:none;">\r\n	&nbsp;</div>\r\n<div id="myEventWatcherDiv" style="display:none;">\r\n	&nbsp;</div>\r\n<div id="myEventWatcherDiv" style="display:none;">\r\n	&nbsp;</div>\r\n<div id="myEventWatcherDiv" style="display:none;">\r\n	&nbsp;</div>\r\n<div id="myEventWatcherDiv" style="display:none;">\r\n	&nbsp;</div>\r\n<div id="myEventWatcherDiv" style="display:none;">\r\n	&nbsp;</div>\r\n<div id="myEventWatcherDiv" style="display:none;">\r\n	&nbsp;</div>\r\n<div id="myEventWatcherDiv" style="display:none;">\r\n	&nbsp;</div>\r\n<div id="myEventWatcherDiv" style="display:none;">\r\n	&nbsp;</div>\r\n<div id="myEventWatcherDiv" style="display:none;">\r\n	&nbsp;</div>\r\n', '393c0dfbc0bce3c9928d4ff3c34c3b07.jpg', 'fyms', 64),
(64, '2013-10-07 21:22:00', 0, 'Enot Jjk', '<p>\r\n	<strong><span style="font-size:16px;">/&nbsp;Enot Jjk, 24 года, Берлин</span></strong></p>\r\n<p>\r\n	&quot;Try to leave the house before you find smth that will make you remain in it&quot;</p>\r\n<div id="myEventWatcherDiv" style="display:none;">\r\n	&nbsp;</div>\r\n<div id="myEventWatcherDiv" style="display:none;">\r\n	&nbsp;</div>\r\n<div id="myEventWatcherDiv" style="display:none;">\r\n	&nbsp;</div>\r\n<div id="myEventWatcherDiv" style="display:none;">\r\n	&nbsp;</div>\r\n<div id="myEventWatcherDiv" style="display:none;">\r\n	&nbsp;</div>\r\n<div id="myEventWatcherDiv" style="display:none;">\r\n	&nbsp;</div>\r\n<div id="myEventWatcherDiv" style="display:none;">\r\n	&nbsp;</div>\r\n<div id="myEventWatcherDiv" style="display:none;">\r\n	&nbsp;</div>\r\n<div id="myEventWatcherDiv" style="display:none;">\r\n	&nbsp;</div>\r\n<div id="myEventWatcherDiv" style="display:none;">\r\n	&nbsp;</div>\r\n', 'a0cab1d1d828069d39226fae6b44b1be.jpg', 'enot-jjk', 65);

-- --------------------------------------------------------

--
-- Dumping data for table `events`
--

INSERT INTO `events` (`id`, `name`, `slug`, `type`, `content`, `date`, `timestamp`, `sort_order`, `visible`) VALUES
(10, 'DОSКИ & КРАSКИ 2012', '2012', 'own_exhibition', '<img src="/image/gallery/main_feed/4e487688493c0b1e1c75d1ab62a00477.jpg" alt="" width="650" height="450" class="feed" style=""><img src="/image/gallery/main_feed/c3aabd9b1d51fe7883aa81a474eb1981.jpg" alt="" width="650" height="450" class="feed" style=""><img src="/image/gallery/main_feed/0ac78a95ab4dae56ddb45d2708d2bfa3.jpg" alt="" width="650" height="450" class="feed" style=""><img src="/image/gallery/main_feed/aaf54bde9d409cc6bea35a008e3935a6.jpg" alt="" width="650" height="450" class="feed" style=""><img src="/image/gallery/main_feed/1effb7094feaabeef3721085881f4d79.jpg" alt="" width="650" height="450" class="feed" style=""><img src="/image/gallery/main_feed/c2ad27885a1cb45a35041a13acaf2474.jpg" alt="" width="650" height="450" class="feed" style="">', '2012-11-11', '2013-12-18 22:13:31', 9999999, 1);

-- --------------------------------------------------------

--
-- Dumping data for table `artists_events`
--

INSERT INTO `artists_events` (`artist_id`, `event_id`) VALUES
(4, 10),
(16, 10),
(2, 10),
(3, 10),
(6, 10),
(10, 10);

-- --------------------------------------------------------

--
-- Dumping data for table `images`
--

INSERT INTO `images` (`id`, `image_key`, `sort_order`, `title`, `description`, `artist`, `visible`) VALUES
(23, 'c774ac3d2dd6ae4ac77d4194f676bc55.jpg', 4, '', '', 10, 0),
(24, 'f2deeb114f7d682b1c23c2efa430f83f.jpg', 6, '', '', 10, 0),
(25, '9986eb60770ce621a6244da6081c8480.jpg', 7, '', '', 10, 0),
(31, '9ac7ab527193fbe678f96dc41a40fe02.jpg', 12, '', '', 10, 0),
(53, '9729552d3cff1c8dd6b3078fe3f79a33.jpg', 1, '', '', 15, 0),
(54, '23aeed37db766490cd400d07fd4c06b8.jpg', 2, '', '', 15, 0),
(113, 'c24679606d61e1dbea6e6810c35f6133.jpg', 1, '', '', 11, 0),
(114, 'd8116bede7e9ad745a81aa2d5960c33d.jpg', 2, '', '', 11, 0),
(115, '334ab7775f293ab3c32e9c0e66dd8ffc.jpg', 3, '', '', 11, 0),
(116, '28ac1273dd2904d42cd196c6eb8b7d37.jpg', 4, '', '', 11, 0),
(117, 'e3480df53257f35565127a23de61435d.jpg', 5, '', '', 11, 0),
(127, '76540cc3ea172f28a069a67b3d6ac2ae.jpg', 3, '', '', 6, 0),
(128, '854400f4f8ce691d0095a81be30b9591.jpg', 4, '', '', 6, 0),
(165, 'd58152ae443d57c1289dbb94af3c8fa8.jpg', 15, '', '', 3, 0),
(167, '6f77bc9fc29bc74d06b5d5eacf8b6b45.jpg', 1, '', '', 16, 0),
(169, '2560db09ce9196ac2d35d28e42dc4d89.jpg', 3, '', '', 16, 0),
(170, 'a515e640061e65e9056b413549fcc49b.jpg', 4, '', '', 16, 0),
(171, '6513f90e5317fff774374111501932f9.jpg', 5, '', '', 16, 0),
(172, '556438b0674afe8eb872508e2642603a.jpg', 6, '', '', 16, 0),
(173, 'afd81dce9f12ff1d4e0c907f8aa841da.jpg', 7, '', '', 16, 0),
(174, 'a4a129ce1b2b3f27ae10250f99c87aa6.jpg', 8, '', '', 16, 0),
(177, '656c7e631b7ff27908fef72c86c63ffb.jpg', 1, '', '', 18, 0),
(178, 'f15982b7c5b6f35b525da94d2633c5b8.jpg', 2, '', '', 18, 0),
(179, '6be06fc82e2c7597e2ead266f8bf9e5f.jpg', 3, '', '', 18, 0),
(180, 'ebf5761502c98f3c2c12c41c4da939c7.jpg', 4, '', '', 18, 0),
(181, '832a795130c2cb6337d6bb7f7863ff27.jpg', 5, '', '', 18, 0),
(182, 'c2ad27885a1cb45a35041a13acaf2474.jpg', 6, '', '', 18, 0),
(183, '1effb7094feaabeef3721085881f4d79.jpg', 7, '', '', 18, 0),
(184, 'aaf54bde9d409cc6bea35a008e3935a6.jpg', 8, '', '', 18, 0),
(185, '0ac78a95ab4dae56ddb45d2708d2bfa3.jpg', 9, '', '', 18, 0),
(188, 'c3aabd9b1d51fe7883aa81a474eb1981.jpg', 12, '', '', 18, 0),
(189, '4e487688493c0b1e1c75d1ab62a00477.jpg', 13, '', '', 18, 0),
(194, 'e1f40d7bdad3b4e46be436b580d94b60.jpg', 6, '', '', 46, 0),
(222, 'ccb43478b86394da357c6d0a438ce0ef.jpg', 3, '', '', 46, 0),
(223, '6044803226a8d9548c0a7848c98bb529.jpg', 5, '', '', 46, 0),
(232, '871fe680d75ee7d259f27489f3db8079.jpg', 1, '', '', 32, 0),
(233, '27089ec81020d76529e8b217042434e9.jpg', 2, '', '', 32, 0),
(235, 'ba3f06fb6106d1f85deda573d5f0d4f5.jpg', 4, '', '', 32, 0),
(236, '0998243da644841075a2e62697427d5e.jpg', 1, '', '', 29, 0),
(237, '62d1ef66127a8facc51c9201047f02a1.jpg', 2, '', '', 29, 0),
(238, 'aaaf128ed05ae517226851f657cbc579.jpg', 3, '', '', 29, 0),
(239, '2669a08abca24874315171620b618714.jpg', 1, '', '', 41, 0),
(249, '9ff436bed30bc438c560f9cbb71def4f.jpg', 1, '', '', 31, 0),
(250, '19911b5451e53b09abd1a16d7c828836.jpg', 2, '', '', 31, 0),
(251, 'be7d15a14539cfb1fd8c5ffc0636670f.jpg', 3, '', '', 22, 0),
(253, 'd1b770385d31a299ba4ec00d7c562828.jpg', 7, '', '', 22, 0),
(254, '52733515bd9c7717063b31527685fce1.jpg', 1, '', '', 22, 0),
(255, '88ea9a01750f0596dc6c4df980a8994d.jpg', 2, '', '', 22, 0),
(256, 'e1909128869b9a456c9e9d75e6e0e4f4.jpg', 5, '', '', 22, 0),
(259, '5989fa5e73fbbcac2c9e088446695e60.jpg', 5, '', '', 42, 0),
(260, 'c7997bee4b5f895514f8133f4a41d0e7.jpg', 6, '', '', 22, 0),
(263, '2342ae488b32c355000847b8aa63ff1a.jpg', 3, '', '', 42, 0),
(264, 'b6e9b5c8d9d6d34e1ed352cd66d78177.jpg', 4, '', '', 42, 0),
(265, 'f2b86054ca11ba0615a457acd2ba73a3.jpg', 1, '', '', 38, 0),
(266, 'a295c3700ae32c9c85da6afff4a65ac1.jpg', 2, '', '', 38, 0),
(267, '0579c941318c1d201a6b829948ba0ca7.jpg', 4, '', '', 38, 0),
(268, '6db1ded15ae8f831c883f3008c5509b4.jpg', 5, '', '', 38, 0),
(269, 'a78c5632106cc39ce43c4b43d7a2e5f1.jpg', 6, '', '', 38, 0),
(270, 'bdf21cde0864ef9794d44d5cf24230e4.jpg', 3, '', '', 38, 0),
(276, '03afdd1e5b5a7a6ccdf6a6f845ee1dca.jpg', 16, '', '', 10, 0),
(282, '5569e097a1c410983ca77d72aa3147b4.jpg', 24, '', '', 3, 0),
(284, 'aa8d11a561d8f0935a5a9faf53c7b930.jpg', 1, '', '', 17, 0),
(285, '80123fc2889ea4af0da728fe62ae7aa2.jpg', 2, '', '', 17, 0),
(286, 'fda5dfb7161d437bb716ee1eca744813.jpg', 4, '', '', 17, 0),
(287, '0ec7710e0d0cdb9851759dfa4cceef32.jpg', 3, '', '', 17, 0),
(288, '78ca455e0858f0542b1c81cb89a1b972.jpg', 5, '', '', 17, 0),
(289, 'b645c1f448ca937402f70f51e11b891c.jpg', 6, '', '', 17, 0),
(290, '27d6f4ec737898df92b1e70c7e65ed27.jpg', 1, '', '', 39, 0),
(291, '0ac3023ac5337ee6ac46d424c8dad4e4.jpg', 2, '', '', 39, 0),
(292, '0998f6e7b74829e251f3f761084516ec.jpg', 3, '', '', 39, 0),
(293, 'f600374649fd0bb4887d8205292aa9a1.jpg', 4, '', '', 39, 0),
(294, '38d8a78a05f872a13a49cc669a9111e6.jpg', 5, '', '', 39, 0),
(295, '5a9776aa3710842f39da7d25ff3260c0.jpg', 6, '', '', 39, 0),
(296, '369504eeae5c5b06a31e18ed0bb6a4be.jpg', 7, '', '', 39, 0),
(297, '0a73b00e092c9eb3e2452bcd3479668f.jpg', 8, '', '', 39, 0),
(298, '280f58678d045ebc201114faeb645d52.jpg', 9, '', '', 39, 0),
(299, 'c00ef166837bc829f9267ce73f737a6a.jpg', 7, '', '', 17, 0),
(300, '725ade4c808c8702dbc4b74068dbf309.jpg', 9, '', '', 17, 0),
(301, '3a366a394be5e58f495be1e6da912ccd.jpg', 8, '', '', 17, 0),
(307, '983afa4f908c54968d5f27eb2220b258.jpg', 2, '', '', 48, 0),
(311, '5f241edaed2ad73279cb1a553ccc3a5e.jpg', 2, '', '', 47, 0),
(321, '5f7405983d77cda51d1efc7034f714a9.jpg', 1, '', '', 4, 0),
(322, 'f3c41510be9d240ba9b28f7378ade4f3.jpg', 5, '', '', 4, 0),
(324, '5e78d8fd21127ebe5f759455e025fb1d.jpg', 2, '', '', 4, 0),
(325, 'e72fc7cb476ed134759d1bfec9fb3d05.jpg', 6, '', '', 4, 0),
(327, 'bdbe1d17a952fe38210596889162d78e.jpg', 12, '', '', 4, 0),
(328, '3914969e91d9c04449f9d97a379f7ed3.jpg', 8, '', '', 4, 0),
(329, 'b97af9036299da23deb322f1a847cfd7.jpg', 9, '', '', 4, 0),
(330, 'efd127932705f5598561e94ba39f36fd.jpg', 10, '', '', 4, 0),
(331, '6506a81bfaf8d094e4fee26aa6f383db.jpg', 11, '', '', 4, 0),
(332, 'a029a02942e8e58c24584793407e3f28.jpg', 1, '', '', 49, 0),
(333, '6f86a8ac0d73a1cce0f4a780dfc101b9.jpg', 2, '', '', 49, 0),
(334, '0bdb0ae53b58adc85c9c5f5fde41a9a8.jpg', 3, '', '', 49, 0),
(335, '3f0f5d383bf736e77aa8f1755a7ff907.jpg', 4, '', '', 49, 0),
(338, '4e29820ede4c08a24faffdfe8951097c.jpg', 18, '', '', 3, 0),
(341, 'da83032a7a38c2f0c02694bfb0ec1ad4.jpg', 21, '', '', 3, 0),
(347, '67560c855f1c476468ae13219b49dc15.jpg', 20, '', '', 10, 0),
(348, 'caddfc1c96b898cc295281b12ad40857.jpg', 21, '', '', 10, 0),
(350, 'c49cc7c860ae37e9bcf8a5fb7cda9d53.jpg', 23, '', '', 10, 0),
(356, '37ac9896a917171f3b51cf5af59a18b5.jpg', 25, '', '', 3, 0),
(357, '4147682fc188ffa86ffb1352bde0dcde.jpg', 26, '', '', 3, 0),
(358, '9215c7bd6991643292abf412501f867a.jpg', 27, '', '', 3, 0),
(359, '832db494fff7f0f53b2c13cdf4213ccc.jpg', 28, '', '', 3, 0),
(360, '390ce04100726fd100599a5f1cb121fa.jpg', 31, '', '', 3, 0),
(361, '55b9dea516c30e33b4842a400f49cba7.jpg', 29, '', '', 3, 0),
(368, '13d7137a86c6db541b76b6bdea03dfd5.jpg', 5, '', '', 6, 0),
(372, '21a554892016969a25d69ab570b35b0c.jpg', 1, '', '', 2, 0),
(373, 'de186fdcdcd69acfbd3f42431de94a36.jpg', 2, '', '', 2, 0),
(374, '218866b32142d50840a6e313a88c8ba6.jpg', 3, '', '', 2, 0),
(375, '1cec9aeb3c7c8183b38823fdacaf9daf.jpg', 4, '', '', 2, 0),
(376, '0d59f24fe9e4af056328937b81fc28d4.jpg', 5, '', '', 2, 0),
(377, 'c855a6d081b9fa8d87b898b240dc57d5.jpg', 6, '', '', 2, 0),
(378, '903427a728b96e737ff5c33aebd6cbd4.jpg', 7, '', '', 2, 0),
(381, 'f815a79f1037a5ec063086cc5972f337.jpg', 3, '', '', 47, 0),
(382, '03f66835fecf4d96e9d23d0eab7a4850.jpg', 4, '', '', 47, 0),
(383, '10daa44ba5a951a2e1890fbc0622c607.jpg', 5, '', '', 47, 0),
(384, 'b030f4bcd3d8da3ee83f70475360f843.jpg', 6, '', '', 47, 0),
(385, 'b8a556579b80dbb30e4196b24f1e6e3d.jpg', 7, '', '', 47, 0),
(386, '68c3e0b36eb8b4addf036557cdd5b4a2.jpg', 9, '', '', 47, 0),
(387, '7b06c7056073f25fa12307019490e5ed.jpg', 8, '', '', 47, 0),
(388, 'fffd069243e5af9995d38f7401252956.jpg', 3, '', '', 48, 0),
(389, 'eca1efb8ff4ae6a0d9973d11be472f43.jpg', 4, '', '', 48, 0),
(390, 'fcd17679f513f5213b704fba224f08a9.jpg', 5, '', '', 48, 0),
(391, 'fe9ae8083e8703964cbf46fdc5a38205.jpg', 6, '', '', 48, 0),
(392, '52b3b8f2b712a91ae2590f944f089895.jpg', 7, '', '', 48, 0),
(393, '1fea34f95b04b7e2d87b0c5dd3877fda.jpg', 8, '', '', 48, 0),
(394, '2facf02ca0da2b4d4f69907f1c4be558.jpg', 9, '', '', 48, 0),
(395, '10f19c5e12b859333a23c819da39ec5a.jpg', 10, '', '', 48, 0),
(396, '917be4c5972db8e1033dbf70b51c659d.jpg', 1, '', '', 50, 0),
(397, '3fa69d74fd017dedf868849fa34016c8.jpg', 2, '', '', 50, 0),
(398, '3263bf53d4ae6ee41786112c5c789271.jpg', 3, '', '', 50, 0),
(399, '547525da4b9d18960491d0b494c4319c.jpg', 4, '', '', 50, 0),
(400, 'ad3a4f26625fc1b62f7ef6db62eacaa8.jpg', 5, '', '', 50, 0),
(401, 'b02d8372956d6a91359bfbf02f1a0a41.jpg', 6, '', '', 50, 0),
(402, '286646fb6aca6b394e00b62e66f49ff5.jpg', 7, '', '', 50, 0),
(422, 'f957d9e4516f71af3d475a4179d55ea6.jpg', 1, '', '', 51, 0),
(423, 'e19115c02968cadcf7f5e1237c31d945.jpg', 2, '', '', 51, 0),
(424, '85a670847eab6a1d06b3f13e94a965a4.jpg', 3, '', '', 51, 0),
(425, '124d4bc8927e1838f582a92366cad798.jpg', 4, '', '', 51, 0),
(426, 'bc60b0f96ee07e2d1486aa58a5720a96.jpg', 5, '', '', 51, 0),
(427, '35d9ddb46edc4e509688037c6024599a.jpg', 6, '', '', 51, 0),
(428, 'f292ca7e72ac7c525eb2a333a59d0474.jpg', 7, '', '', 51, 0),
(429, 'a245d8aafa20ee4f2f41f1c67bbaa95e.jpg', 8, '', '', 51, 0),
(430, 'd03e50bfbcca8cacd8e6740af4112438.jpg', 9, '', '', 51, 0),
(431, '514f34d828561f97880ebafe10947ef0.jpg', 10, '', '', 51, 0),
(432, 'e42c8224efd0ca636a97025d21244311.jpg', 11, '', '', 51, 0),
(433, 'f883ca1ce19b489ca97d89f8e3ebf735.jpg', 12, '', '', 51, 0),
(434, '8c2895db60d96b0c56ef126259ce7273.jpg', 13, '', '', 51, 0),
(435, 'ba02df623f018cc83b30cbe1d41f1a73.jpg', 14, '', '', 51, 0),
(436, 'db01165a9cdb97432cd4b4358fc66296.jpg', 15, '', '', 51, 0),
(437, '55052cb9cc4d487b253f912a253e52be.jpg', 16, '', '', 51, 0),
(438, '76b0737c03ddb00abdec5ec8ecd11051.jpg', 17, '', '', 51, 0),
(439, '83d5b61002717f743358ac8d33dd62aa.jpg', 1, '', '', 52, 0),
(440, 'aee23cfd6e8d2664520a50fde756c5ca.jpg', 2, '', '', 52, 0),
(443, '67494172c3f40d9af91ba96feee54726.jpg', 4, '', '', 52, 0),
(444, '5474af4d2f94fc43f2d7bc28b7d2bcce.jpg', 5, '', '', 52, 0),
(445, '095a9cacdd4ddf5173753aae5e669b2e.jpg', 6, '', '', 52, 0),
(446, 'd3c2c2ab1ab7de863ee98b125cabaee6.jpg', 7, '', '', 52, 0),
(447, '5ed3d774c2ebe44661641516801e0bbe.jpg', 8, '', '', 52, 0),
(448, '7e0439d23c1d1610ec9f973849b1c2f6.jpg', 1, '', '', 53, 0),
(451, '73f30e389f9611d1fdd9ced4acd8396f.jpg', 4, '', '', 53, 0),
(452, '01c95fde0bffb21283c7f7b3f6f9171f.jpg', 5, '', '', 53, 0),
(453, 'dc0c2b9831d8baf3283bcb2579c3428b.jpg', 1, '', '', 54, 0),
(454, 'bebc5b837d30a2f3487e9a6b6671cd14.jpg', 2, '', '', 54, 0),
(455, '6365350b6d021e7c72422a342c67091c.jpg', 3, '', '', 54, 0),
(456, '711b835448c22ff7b544116467c968cb.jpg', 4, '', '', 54, 0),
(457, 'fd7027a37182a542d4540f8fc948e2dd.jpg', 5, '', '', 54, 0),
(460, '44272bbe55f20945fdc7c7d7c10e9a76.jpg', 1, '', '', 55, 0),
(461, 'a6bcae07f898391bb01f22606afded39.jpg', 2, '', '', 55, 0),
(462, 'd40e4e09090e515ee740e46bd1063b2a.jpg', 3, '', '', 55, 0),
(463, '3ed314c8c6ef998bacc6415355379253.jpg', 4, '', '', 55, 0),
(464, '4f1d3932909425fc9e0dea245c3cd1a0.jpg', 5, '', '', 55, 0),
(465, '91f8512e0e23d70f221826bfd1bcfb2b.jpg', 6, '', '', 55, 0),
(466, 'ca20cfa14fd129af229e9070114aee6f.jpg', 7, '', '', 55, 0),
(467, 'ecfa822d8b2f19621d2c305bb49b0319.jpg', 1, '', '', 56, 0),
(468, '1a1ff7a4faa23da547a6b17d13c30738.jpg', 2, '', '', 56, 0),
(469, '3669c5097cd32682e2372e7a47cc4263.jpg', 3, '', '', 56, 0),
(470, '64b7de7bb276068169b4f06918ab772d.jpg', 4, '', '', 56, 0),
(471, '2b8434a02063eb1eb4a643891f213e0f.jpg', 5, '', '', 56, 0),
(472, 'e34c049a2f5eea8d856b6808c1e79797.jpg', 6, '', '', 56, 0),
(473, 'f6825cd0ee8ed05beaf47c07e03871f3.jpg', 7, '', '', 56, 0),
(474, 'eefadf88bbf9e3039035adf3a323c313.jpg', 8, '', '', 56, 0),
(475, '4bc21aff8b1b75ea70386fda2d1b9758.jpg', 1, '', '', 58, 0),
(476, '2e43855d7a758f7aacc66ceef780e58b.jpg', 2, '', '', 58, 0),
(477, 'd3ad4f79332e2d32c9c31aae05e330c5.jpg', 3, '', '', 58, 0),
(478, '95f7df9e0313a93e9f240f191b4c775e.jpg', 4, '', '', 58, 0),
(480, '926efd83a71eca266c159fc125502ed8.jpg', 6, '', '', 58, 0),
(481, '3ecb94b472129445c2dfeebc7c1c2654.jpg', 7, '', '', 58, 0),
(482, '62fdafecc19e965a0bb63688cce36848.jpg', 9, '', '', 58, 0),
(483, '4b6d7c146de47f5c97c3f1c255002f6e.jpg', 8, '', '', 58, 0),
(484, 'b0bd5a91ea3e432b84057d2274b372b6.jpg', 1, '', '', 59, 0),
(485, '0aa3bf91f587c7c18d9fd8a17472f8d9.jpg', 2, '', '', 59, 0),
(486, '6ff7600e500c3cf36b4d2080d3255109.jpg', 3, '', '', 59, 0),
(487, '72e78681f7fb1c15102985e57cbf69fd.jpg', 4, '', '', 59, 0),
(488, '58aeedc3de6afa17100b27f5cdb586cb.jpg', 5, '', '', 59, 0),
(489, 'ee615444ba96429ee84f30b816e36140.jpg', 6, '', '', 59, 0),
(491, 'f165431ae7772d6eb04ea90792671f96.jpg', 2, '', '', 62, 0),
(492, 'b1f961b610d0fa0ee74df289f19de380.jpg', 3, '', '', 62, 0),
(493, '05f1ce89f98f88ee068407ef450bd103.jpg', 4, '', '', 62, 0),
(494, 'e31b56c94d4444ed12b64b004b34f6eb.jpg', 6, '', '', 62, 0),
(495, '64b620e7b3a492f6ccf5734ec930c778.jpg', 1, '', '', 63, 0),
(496, 'a700ec82ec9b39d6d88073d628905444.jpg', 2, '', '', 63, 0),
(497, 'c81d7cc6d6fffe9f4b6355a8b0c2629f.jpg', 3, '', '', 63, 0),
(498, 'c1b45aa8ed1714058d5f82bcf890a1f3.jpg', 4, '', '', 63, 0),
(499, 'd34d24a92f46d53f7d770d07bbc3f259.jpg', 5, '', '', 63, 0),
(500, '50e416133caabb13cc608e25ba29cf6e.jpg', 6, '', '', 63, 0),
(501, '680c7fde096dd65e04770f836dac63a6.jpg', 7, '', '', 63, 0),
(502, 'd2551e8ca4176af934c8e53fdbfb6f3f.jpg', 8, '', '', 63, 0),
(503, 'a8d553df11a656a7c8ddb68a271b3040.jpg', 9, '', '', 63, 0),
(504, '9b62ab2ca08e5cbad803c099685e02f6.jpg', 10, '', '', 63, 0),
(505, 'db27a200ada11142407a09f2e116feeb.jpg', 11, '', '', 63, 0),
(506, '27bd28a4a7ca4ab054ced483bc71426d.jpg', 12, '', '', 63, 0),
(507, '6071261ac236675e8ea518fc5f5e0752.jpg', 1, '', '', 60, 0),
(508, '76625e3f1b9dd9f050ecc538def086b8.jpg', 2, '', '', 60, 0),
(511, '3a4d0445fbea47ed77e4c29bf033a796.jpg', 3, '', '', 60, 0),
(512, '00aba7ec5fe74721df070907ea73cab7.jpg', 4, '', '', 60, 0),
(513, '167ec931addc865c1447bbee74cab077.jpg', 5, '', '', 60, 0),
(514, 'bf5f1582c4170f8564a161d09e7cab0d.jpg', 6, '', '', 60, 0),
(515, 'b091935732473bfabe4dee36891ee594.jpg', 7, '', '', 60, 0),
(516, 'aec3d57f81702ce28439b5e9da820725.jpg', 5, '', '', 62, 0),
(520, '7b8e8ce5374b2318a67986b93404ca82.jpg', 9, '', '', 54, 0),
(523, '760a27b1a7f9064e1172240e3ccb2a91.jpg', 6, '', '', 53, 0),
(524, 'b8f5f8d96df6b998c089228d48223089.jpg', 7, '', '', 53, 0),
(525, 'e60ece75de12cd9df37c4c674de6586a.jpg', 10, '', '', 6, 0),
(526, '8e0bf36ecbf654d9bb5ccc3ae2152d85.jpg', 11, '', '', 6, 0),
(527, 'd4364cdb8967bc5d60fd0ec7878c0de4.jpg', 12, '', '', 6, 0),
(528, '9d3ecac913c2dffcf934123781c79582.jpg', 13, '', '', 6, 0),
(529, '8eaff13b71349917209ca77fed2aff71.jpg', 14, '', '', 6, 0),
(530, '1755f5a5fabde446e95eef9630db73a5.jpg', 15, '', '', 6, 0),
(532, 'ec9275debb45976dfce5d297ebdc9dcd.jpg', 32, '', '', 3, 0),
(535, '8d01cb3b0ee365c6b0af29ce92d462ff.jpg', 3, '', '', 64, 0),
(536, '24f17098b3298003db16ff47583b8218.jpg', 4, '', '', 64, 0),
(537, '5de1e19143814bcba611abb62eea37f9.jpg', 9, '', '', 64, 0),
(539, 'e19fb2579846610e8a26887eea2f51b8.jpg', 5, '', '', 64, 0),
(541, '230b4984ca08ff371b8ce2d31bfd76f3.jpg', 7, '', '', 64, 0),
(542, '222119562e794dce57bef416389f3f8c.jpg', 8, '', '', 64, 0),
(543, 'd7948228f1763baa1d090dbe55903188.jpg', 10, '', '', 54, 0),
(544, '56b6c8a680e45b62a5ecbedb26752013.jpg', 11, '', '', 54, 0),
(545, 'cebeb443139bfdc383afc91fd8a56794.jpg', 13, '', '', 54, 0),
(546, '260935ce0b9ea5f004576284736b4ecb.jpg', 12, '', '', 54, 0),
(547, '998bb8a4f1c50fb9980e038aa90add21.jpg', 15, '', '', 54, 0),
(548, '7026d84ae4105a6a5e3f738cac738b72.jpg', 14, '', '', 54, 0),
(549, '1ffeae8ed3c10bcd8dbef49d990c8e00.jpg', 10, '', '', 58, 0),
(550, '9ff24aecdc5b9183d49acc55f469a26d.jpg', 3, '', '', 61, 0),
(552, 'ce017a9bcef4f43f6daa609f5cdb4ef2.jpg', 1, '', '', 61, 0),
(553, '47cc110bb2fafe8f5b8462dc5f29e86f.jpg', 8, '', '', 2, 0),
(555, 'bf9b21fdeef59a5a89eda1f92036c878.jpg', 1, '', '', 19, 0);

-- --------------------------------------------------------

--
-- Dumping data for table `sponsors`
--

INSERT INTO `sponsors` (`id`, `timestamp`, `visible`, `name`, `about`, `image_key`, `url`, `sort_order`, `phone`, `address`, `working_time`) VALUES
(6, '2012-10-10 09:39:28', 0, 'Grolsch', 'В 1897 году Grolsch изобрёл и использует  уникальную форму бутылки для своих продуктов,   известную как «Swingtop» («the beugel», «the  grundle»). В бутылке такого типа используется откидная  пробка, из-за чего пропадает потребность в  открывашке. Такая бутылка открывается рукой  при помощи рычага на стороне горлышка. Этикетка наклеивается поверх этого рычага, как  свидетельство целостности упаковки. Пробка фарфоровая, хотя сейчас её уже делают из пластика; однако фарфоровые пробки все ещё можно встретить в обращении в Нидерландах.\r\nБольшинство экспортируемых бутылок зелёного цвета. Бутылки для рынка в Нидерландах  делаются коричневыми. Начиная с 2007 года Grolsch также использует зелёные бутылки для домашнего рынка. Grolsch стала первой пивоварней, отказавшейся от использования коричневых бутылок повторного использования, которые могут использоваться почти на любой пивоварне в Нидерландах. Иногда Grolsch использует различные цвета бутылок в  зависимости от варки пива, например, бутылка для светлого лагера — жёлтая, в то время как для лимонного сорта Grolsch — чистое стекло.', 'd7ba2e2e83d7d40aeeff25144472b481.jpg', 'www.grolsch.com', 6, '', '', ''),
(8, '2012-10-10 21:41:46', 1, 'Smiths Workshop', 'Дизайн-студия Smiths Workshop работает над индивидуальными проектами.\r\nОсновной профиль студии — создание арт-объектов из древесины и сопутствующих материалов.\r\nСтудия работает в направление производства объектов промышленного дизайна, имеет собственную линию украшений и аксесуаров, сотрудничает и реализует совместные проекты с художниками, дизайнерами интерьеров, пром. дизайнерами и архитекторами.', 'c9e3032ab8cb6d2a9fda73f151bf69ae.jpg', 'vk.com/smithsworkshop', 8, '8(904)5579218', 'Пространство "Тайга", Дворцовая наб., 20', ''),
(10, '2012-10-10 21:47:20', 0, 'Nevsky surf', 'Nevsky Surf - первый онлайн-лонгбордшоп в Российской Федерации. Физически мы располагаемся в Санкт-Петербурге, на берегах Невы, но на досках, прошедших через наши руки, катают во всех уголках России. Наша задача - привести отличные лонгборды в руки райдеров. Поэтому здесь вы не найдете неизвестных,  непроверенных снарядов. Мы, как и вы, помешаны на лонгбордах. Мы знаем о них все и катаемся на них каждый день. Мы продаем не то, что "модно и дорого", а то, что сами выбрали для катания. Мы сами подбираем фирменное оборудование, поэтому наши комплиты более выгодны, чем в других бордшопах, которые покупают их целиковым "стоком", не утруждаясь выборкой. По этой же причине у нас вы можете собрать комплит из любых доступных частей, а не вынуждены брать, что дают. Мы досконально разбираемся в оборудовании. Мы жжем асфальт и погружены в движение - ездим на соревнования, выезды, сейшны, джемы, longboard days, спонсируем сами и привлекаем других спонсоров. Мы дружим с западными прорайдерами и поддерживаем отечественного качественного производителя. Все оборудование мы тестируем на себе. Мы болеем за то, что делаем, потому что нам не похуй на будущее лонгбординга в России.\r\n', '251302cb730e07331ca82d6a650683a4.jpg', 'www.nevskysurf.ru', 10, '8(952)3632314', '', ''),
(14, '2012-10-22 10:00:16', 1, 'rotkin', 'фотограф,работает с пленкой(все виды съемок),иллюстратор и просто мастер на все руки :)', '2ecfc445e72325262477f63935bd4dee.jpg', 'dmitryrotkin.com', 13, ' +7911948883', 'art.rotkin@gmail.com', ''),
(15, '2013-03-09 02:43:16', 0, 'Traektoria', 'Траектория – мультибрендовый магазин, специализирующийся на сноуборде, вейкборде и лонгборде. Траектория - это в первую очередь команда друзей и единомышленников, которые живут этими видами спорта и не мыслят своего существования без досок. Зимой в магазине представлен большой выбор сноубордов, креплений, ботинок, одежды, защиты, оптики и различных аксессуаров. Зимой мы мечтаем о горах, путешествуем, катаемся. Летом – самый большой в Санкт-Петербурге выбор вейкбордов, вейк серфов, вейк скейтов, гидрокостюмов, жилетов, защиты, лонгбордов, одежды, солнцезащитных очков, рюкзаков и аксессуаров. Летом мы катаемся на вейках, гоняем на лонгбордах, гуляем по ночному городу и наслаждаемся каждой минутой тепла. Траектория - это не только проверенные бренды, профессиональные продавцы, широкий ассортимент снаряжения но самое главное это - образ жизни, мышления и существования. Присоединяйтесь!  ', '37cc6a286a8fa533a735670d697c4e7a.jpg', 'www.traektoria.ru/', 15, '+7(812)3010003', ' Коломяжский пр. 15 кор. 2 лит А', ' Пн-Вс, 10:00-21:00'),
(16, '2013-03-09 02:46:00', 0, 'Тайга', 'Тайга – сообщество молодых профессионалов, объединенных идеей свободного и полезного труда. Основатели проекта нашли нетривиальное решение, реализовав проект в старинном особняке с видом на Петропавловскую крепость. \r\n\r\nЗа время существования Тайга собрала дизайнеров, архитекторов, мастеров, музыкантов, рекламщиков, фотографов, разработчиков программных решений, продюсеров – тех профессионалов, конечный продукт труда которых в первую очередь характеризуется выверенным стилем и уникальностью решений. Главное, что объединяет обитателей этого пространства – интерес к своей работе и тяга к получению знаний через сотрудничество.', '3db64841fdf0730d927ca5252b1ddf16.jpg', 'space-taiga.org/', 16, '', 'Дворцовая наб., 20', 'ПН-ВС 10:00-21:00'),
(17, '2013-04-29 11:48:45', 1, ' Мастерская ZombieWizard', 'Чехлы для лонгбордов в наличии и под заказ!\r\nОтправка в другие города\r\nДоступные цены и отличное качество!\r\n\r\nНаши чехлы разработаны с любовью к лонгбордингу и конечно с учётом удобства и комфорта!\r\n\r\nУ нас всегда есть для Вас что-то новенькое и интересное)', '895cf7207fabffb6f1e3b24e436681aa.jpg', 'vk.com/zombiewizard', 17, '', '', ''),
(18, '2013-04-29 11:51:42', 0, 'DOG WITH SWORD', 'Продрогнув ночью,несколько пацантре увидели собаку с мечом на крыше низов и решили с тех самых пор использовать её мордашку ,забавы ради, для логозорока секретной группировки ,собачуня оберегает секретных псов-джамирокваев,обитающих на псарне.', '0b73e2020162d4354a74f8724820b31e.jpg', 'vk.com/dogwithsword', 18, '', '', ''),
(19, '2013-10-09 17:32:51', 0, 'Центр искусств Невский 8', 'Актуальное творческое пространство, сочетающее в себе художественную галерею, магазин авторских предметов декора, разнообразных изделий для художников и дизайнерских сувениров, а также концептуальное кафе. Это место расширяет границы искусства и времени. ЦИ Невский 8 - пульс культурной жизни Санкт-Петербурга.\r\nЦИ Невский 8 предлагает календарь разнообразных событий, дающих уникальный и свежий взгляд на современное искусство и культуру в целом. Программа событий варьируется от выставок начинающих художников России и известных игроков мировой арт-сцены до просмотра известных картин великих режиссеров и самого инновационного видео-арта, чтения книг до бесед о современном искусстве, лекций и кинопоказов.\r\nИмея за спиной богатую историю и располагаясь в самом сердце города в начале Невского проспекта, рядом с Адмиралтейством и Дворцовой площадью, ЦИ Невский 8 меняет концепцию широко известной «Лавки художника» в контексте современной культуры и представляет собой уникальное место, интересное как для местных жителей, так и для гостей города.', '34916d62fd684bc9de29c511929dd20a.jpg', 'nevsky8.com', 24, '8 812 314-80-81', 'Невский пр., 8', 'Мы работаем c 11 до 21'),
(20, '2013-10-09 17:39:29', 0, 'Gravity 9.8 Boardshop', 'Компания Gravity 9.8 Boardshop существует с 2000 года и является лидером в России по ассортименту лонгбордов и комплектующих. А также одним из ведущих бордшопов Москвы по организации, спонсорской поддержке и проведению тематических мероприятий и контестов.\r\nМы не строим монополию и всегда открыты к сотрудничеству.\r\nС каждым годом ассортимент наших магазинов значительно увеличивается, мы горды тем, что у нас сосредоточены лучшие зарубежные лонгбордические бренды, а также только развивающиеся.\r\nGravity 9.8 Boardshop, в первую очередь, делает акцент на качестве оборудования, а не на ее дешевизне.\r\nДелитесь опытом и впечатлениями вместе с нами!\r\n', '943af98c6e5538b9342e5e0881b96b1d.jpg', 'www.gravity.ru', 21, '8 968 7045557', '', 'с 10.00(11.00)-20.00(21.00)'),
(21, '2013-10-09 17:52:17', 1, 'MOLOTOW', 'Краска Molotow – это один из самых известных продуктов на рынке граффити. Ее высокое качество обусловлено, в первую очередь, тем, что в состав краски вводится большое количество пигмента – значительно больше, чем в красках многих других производителей. А при изготовлении краски MOLOTOW используются уникальные технологии, позволяющие реализовать такие качества, как no-dust (отсутствие «пыли»), anti-drip (отсутствие подтеков), всесезонность, и возможность работы на любых видах поверхностей, при высоком качестве покрытия. В настоящее время цветовая гамма, в которой представлена краска Molotow, насчитывает 186 оттенков. Стоит отметить и высокие характеристики баллончиков, удобных в использовании, и позволяющих равномерно и качественно распределять краску на различных по фактуре поверхностях.', '988d49231f2cbec5b2a7220ca5d27922.jpg', 'www.molotow.ru', 22, '8 499 736-00-01', 'Юр.Адрес: 124498, Москва, г.Зеленоград, корп.417, кв.109', 'Понедельник-четверг: с 10.00 до 18.00  Пятница: с 10.00 до 17.00 Суббота-Воскресенье выходной'),
(22, '2013-10-12 11:47:51', 0, 'МЕЧ CLOTHING', 'Марка "МЕЧ" начала свое существование в Санкт-Петербурге в июле 2011 года. Создавая новую марку одежды, мы поставили перед собой задачу - показать жизнь улиц с иной точки зрения, с новой стороны. "МЕЧ" - это воплощение многогранной культуры города, отражение ее непрекращающегося движения и развития. В каждой вещи, будь то куртки, футболки или рюкзаки, мы пытаемся воплотить наше отношение к жизни: легкое и стремительное! Мы объединяемся с близкими по духу молодыми художниками, фотографами и музыкантами, чтобы "МЕЧ" становился все многогранней, но оставался непохожим на других. Заботясь о деталях и функциональности вещей, тканях, принтах и расцветках, мы создаем новую уличную одежду для твоего самого важного путешествия – жизни. ', '0380196306a75879d4b6948f053ca3c4.jpg', 'swrd.co', 19, '8 951 668 58 13', 'МЕЧ Одежда Креативное пространство "Четверть" Пер. Пирогова 18 ', ' ПН-ВС, с 14:00 - 20:00'),
(23, '2013-10-13 19:50:38', 0, 'Sewing Corp', ' Мы воплощаем в жизнь ваши самые бешеные и интересные идеи, которые вам надо всего лишь описать в двух словах, придя к нам в мастерскую! Мы сошьем для вас одежду на заказ! По желанию фурнитура для вашего изделия может быть выполнена любой формы.\r\n\r\n- Мы делаем мерчендайзинг с шелкографским принтом. Например, шьем футболки и наносим принт с названием музыкальной группы. В штате есть свои иллюстраторы. Все принты могут быть выполнены под заказ, иллюстрация может быть написана маслом, а фотография напечатана в ручную. Мы готовы на любой ваш каприз!\r\n\r\n- Когда работа готова мы делаем фотосессию, в которой вы выступаете в качестве модели.\r\n\r\n- Мы разрабатываем модели одежды под чужое производство - форма, силуэт и все функциональные составляющие.\r\n\r\n- Мы будем рады принять на стажировку в нашу творческую команду светлые головы студентов и выпускников вузов, связанных с дизайном одежды!', '5e15d54fe9ec40fc9344527f4e4cdabd.jpg', 'vk.com/sewing.corp', 20, '', '"Taiga", Дворцовая наб. 20, Санкт-Петербург', ''),
(24, '2013-10-17 16:49:56', 1, 'Birdy Magazine', 'Ежедневное интернет-издание об экстремальной культуре. Журнал об искусстве жить своей жизнью.', '7c1bd9f4595abfde42a6c1d7148f41ed.png', 'birdymag.ru/', 23, '', '', '');


-- --------------------------------------------------------

--
-- Dumping data for table `userpages`
--

INSERT INTO `userpages` (`id`, `uri`, `title`, `content`, `order`, `hidden`) VALUES
(1, 'about', 'О выставке', '<p>\r\n	<b>DОSКИ &amp; КРАSКИ(board &amp; paint)</b></p>\r\n<p style="">\r\n	<img alt="" src="/media/uploads/images/MZ_2yti8rQM%281%29.jpg" style="width: 400px; height: 601px; " /><br />\r\n	<b>__________________________________<br />\r\n	У нас две страсти: Скорость и свобода.<br />\r\n	Уход от обыденности и ощущение динамики жизни. Катаясь и рисуя мы погружаемся в себя и ведем диалог со своим внутренним миром.<br />\r\n	<span>Эта выставка-объединяющий мотиватор сделать команду молодых художников-райдеров! Дело приятное и интересное для собравшихся людей.&nbsp;<br />\r\n	Приходя на выставку можно будет увидеть как мы отдаем представленным вещам свою энергию и они приобретают характер,у каждого свой,неповторимый и яркий.<br />\r\n	Ведь когда садишься рисовать, на коленях гибкое дерево, как глина у скульптуры, из которой создается стиль и характер доски, в голове либо сразу либо постепенно рождается история и ты создаешь её на натуральной поверхности и она становится живой(Папа Карло нас понимает:)).<br />\r\n	Музей доски. Яркий пример,показывающий разнообразие культуры серфинга и скейтбординга-развивающийся пласт субкультуры современности.<br />\r\n	Доска скейтера оставляет важный след в творческой жизни каждого из нас.&nbsp;</span></b></p>\r\n<p style="">\r\n	<b><span>DOSKИ &amp; KPASКИ &mdash; проект нового формата для людей увлеченных одной страстью. Для тех, кто не представляет свою жизнь без ветра в волосах, ощущения скорости и свободы&hellip; Для тех, кто создает.</span></b></p>\r\n<p style="">\r\n	<br />\r\n	<b><span>peace,love,art!</span></b></p>\r\n<p style="">\r\n	&nbsp;</p>\r\n<p style="">\r\n	<br />\r\n	&nbsp;</p>\r\n<p>\r\n	&nbsp;</p>\r\n<div id="myEventWatcherDiv" style="display:none;">\r\n	&nbsp;</div>\r\n<div id="myEventWatcherDiv" style="display:none;">\r\n	&nbsp;</div>\r\n<div id="myEventWatcherDiv" style="display:none;">\r\n	&nbsp;</div>\r\n<div id="myEventWatcherDiv" style="display:none;">\r\n	&nbsp;</div>\r\n<div id="myEventWatcherDiv" style="display:none;">\r\n	&nbsp;</div>\r\n', 9999999, 0),
(2, 'contacts', 'контакты', '<p><strong><a href="mailto:doski.kraski@gmail.com" target="_blank">doski.kraski@gmail.com</a></strong></p>\r\n\r\n<p>&nbsp;</p>\r\n\r\n<h2>Организаторы</h2>\r\n\r\n<p><strong>Терехова Дарья&nbsp;| Даша kudri</strong></p>\r\n\r\n<p>&nbsp;</p>\r\n\r\n<table border="0" cellpadding="1" cellspacing="1" style="width:600px">\r\n	<tbody>\r\n		<tr>\r\n			<td style="width:150px"><a href="http://vk.com/i.place"><img src="http://www.ucarecdn.com/5be40abe-cb0b-4f4d-b3a5-8d2b25c5a608/VK.png" style="float:left" /></a>&nbsp;<a href="http://vk.com/i.place">Indefinite Place</a></td>\r\n			<td style="width:200px">\r\n			<div><a href="mailto:puzan88@mail.ru"><img src="http://www.ucarecdn.com/4bc9ce2f-7ba0-4ae3-b443-b0ae10ad1374/" style="float:left" /></a>&nbsp;<a href="mailto:puzan88@mail.ru">puzan88@mail.ru</a></div>\r\n			</td>\r\n			<td>\r\n			<p><img src="http://www.ucarecdn.com/6d71b1ca-6eab-438b-8f2e-19aa8bcca496/" style="float:left" />&nbsp;+7(953) 142 44 03</p>\r\n			</td>\r\n		</tr>\r\n	</tbody>\r\n</table>\r\n\r\n<p>&nbsp;</p>\r\n\r\n<p>&nbsp;</p>\r\n\r\n<p><strong>Кобзева Анна&nbsp;| Marten</strong></p>\r\n\r\n<p>&nbsp;</p>\r\n\r\n<table border="0" cellpadding="1" cellspacing="1" style="width:600px">\r\n	<tbody>\r\n		<tr>\r\n			<td style="width:150px"><a href="http://vk.com/id28498248"><img src="http://www.ucarecdn.com/5be40abe-cb0b-4f4d-b3a5-8d2b25c5a608/VK.png" style="float:left; height:20px; width:20px" /></a>&nbsp;<a href="http://vk.com/id28498248">Финский Кот</a></td>\r\n			<td style="width:200px">\r\n			<div><a href="mailto:annako63@gmail.com"><img src="http://www.ucarecdn.com/4bc9ce2f-7ba0-4ae3-b443-b0ae10ad1374/" style="float:left" /></a>&nbsp;<a href="mailto:annako63@gmail.com" target="_blank">annako63@gmail.com</a></div>\r\n			</td>\r\n			<td><img src="http://www.ucarecdn.com/6d71b1ca-6eab-438b-8f2e-19aa8bcca496/" style="float:left" />&nbsp;+7 (952) 235 89 07</td>\r\n		</tr>\r\n	</tbody>\r\n</table>\r\n', 9999999, 0),
(3, 'sponsors_old', '!!!УБРАТЬ', '<div style="text-align:center">\r\n<h2 style="text-align:left">Организаторы</h2>\r\n\r\n<table border="0" cellpadding="0" cellspacing="0" style="text-align:center; width:600px">\r\n	<tbody>\r\n		<tr>\r\n			<td style="text-align:left; width:250px">\r\n			<p><strong>Терехова Дарья&nbsp;| Даша kudri</strong></p>\r\n			</td>\r\n			<td><a href="http://vk.com/i.place" target="_blank" title="Перейти на страницу профиля вконтакте"><img src="http://www.ucarecdn.com/1b0132a5-e982-42a0-ba83-7c6b1a2815ec/" style="float:left; height:32px; width:32px" /></a></td>\r\n			<td><a href="mailto:puzan88@mail.ru" title="Написать письмо на адрес электронной почты"><img src="http://www.ucarecdn.com/15a8e05d-3b1a-4c5c-9343-c54438092ec5/" style="float:left; height:32px; width:32px" /></a></td>\r\n			<td style="text-align:left; vertical-align:middle"><a href="skype://+79531424403" style="line-height: 32px; vertical-align: top;"><img alt="" src="http://www.ucarecdn.com/6e6822b2-a5f1-493e-820d-c31c4a1ef03c/" style="position:relative; top:2px" />&nbsp;+7 (953) 142 44&nbsp;03</a></td>\r\n		</tr>\r\n		<tr>\r\n			<td style="text-align:left">&nbsp;</td>\r\n			<td>&nbsp;</td>\r\n			<td>&nbsp;</td>\r\n			<td>&nbsp;</td>\r\n		</tr>\r\n		<tr>\r\n			<td style="text-align:left"><strong>Кобзева Анна&nbsp;| Marten</strong></td>\r\n			<td><a href="http://vk.com/id28498248" style="color: rgb(102, 102, 102);" target="_blank" title="Перейти на страницу профиля вконтакте"><img src="http://www.ucarecdn.com/1b0132a5-e982-42a0-ba83-7c6b1a2815ec/" style="float:left; height:32px; width:32px" /></a></td>\r\n			<td><a href="mailto:annako63@gmail.com" style="color: rgb(102, 102, 102);"><img src="http://www.ucarecdn.com/15a8e05d-3b1a-4c5c-9343-c54438092ec5/" style="float:left; height:32px; width:32px" /></a></td>\r\n			<td style="text-align:left; vertical-align:middle"><a href="skype://+79522358907" style="line-height: 32px; vertical-align: top;"><img alt="" src="http://www.ucarecdn.com/6e6822b2-a5f1-493e-820d-c31c4a1ef03c/" style="position:relative; top:2px" />&nbsp;</a><a href="skype://+79522358907" style="line-height: 32px; vertical-align: top;">+7 (952) 235 89 07</a></td>\r\n		</tr>\r\n	</tbody>\r\n</table>\r\n\r\n<p>&nbsp;</p>\r\n\r\n<div class="slideshowPlugin" contenteditable="false" data-animspeedid="500" data-openonclickid="true" data-pictheightid="500" data-showtitleid="true" data-slideshowid="cke_9qjqbymq_slideShow" data-speedid="5" data-transitiontypeid="slide-hori" id="cke_9qjqbymq_slideShow">\r\n<div class="ad-gallery" contenteditable="false" id="ad-gallery_cke_9qjqbymq_slideShow">\r\n<div class="ad-image-wrapper" contenteditable="false">&nbsp;</div>\r\n\r\n<div class="ad-controls" contenteditable="false" style="visibility: hidden;">&nbsp;</div>\r\n\r\n<div class="ad-nav" contenteditable="false" style="display: none;">\r\n<div class="ad-thumbs" contenteditable="false">\r\n<ul class="ad-thumb-list" contenteditable="false">\r\n	<li contenteditable="false"><a href="http://doski.bigmilk.ru/media/uploads/images/foto2013%20art/7dYIV_ANia0.jpg"><img alt="" contenteditable="false" src="http://doski.bigmilk.ru/media/uploads/images/foto2013%20art/7dYIV_ANia0.jpg" style="height:50px; width:33px" title="" /></a></li>\r\n	<li contenteditable="false"><a href="http://doski.bigmilk.ru/media/uploads/images/foto2013%20art/7wCnKEabh-k.jpg"><img alt="" contenteditable="false" src="http://doski.bigmilk.ru/media/uploads/images/foto2013%20art/7wCnKEabh-k.jpg" style="height:50px; width:50px" title="" /></a></li>\r\n	<li contenteditable="false"><a href="http://doski.bigmilk.ru/media/uploads/images/foto2013%20art/_lo3KYbjil0.jpg"><img alt="" contenteditable="false" src="http://doski.bigmilk.ru/media/uploads/images/foto2013%20art/_lo3KYbjil0.jpg" style="height:50px; width:33px" title="" /></a></li>\r\n	<li contenteditable="false"><a href="http://doski.bigmilk.ru/media/uploads/images/foto2013%20art/aBk4tAOxjQo.jpg"><img alt="" contenteditable="false" src="http://doski.bigmilk.ru/media/uploads/images/foto2013%20art/aBk4tAOxjQo.jpg" style="height:50px; width:50px" title="" /></a></li>\r\n	<li contenteditable="false"><a href="http://doski.bigmilk.ru/media/uploads/images/foto2013%20art/DPAhGqZExuM.jpg"><img alt="" contenteditable="false" src="http://doski.bigmilk.ru/media/uploads/images/foto2013%20art/DPAhGqZExuM.jpg" style="height:33px; width:50px" title="" /></a></li>\r\n	<li contenteditable="false"><a href="http://doski.bigmilk.ru/media/uploads/images/foto2013%20art/E1c5kdgmuUQ.jpg"><img alt="" contenteditable="false" src="http://doski.bigmilk.ru/media/uploads/images/foto2013%20art/E1c5kdgmuUQ.jpg" style="height:33px; width:50px" title="" /></a></li>\r\n	<li contenteditable="false"><a href="http://doski.bigmilk.ru/media/uploads/images/foto2013%20art/ENARm_OxsjE.jpg"><img alt="" contenteditable="false" src="http://doski.bigmilk.ru/media/uploads/images/foto2013%20art/ENARm_OxsjE.jpg" style="height:33px; width:50px" title="" /></a></li>\r\n	<li contenteditable="false"><a href="http://doski.bigmilk.ru/media/uploads/images/foto2013%20art/FO3MQHz-bBg.jpg"><img alt="" contenteditable="false" src="http://doski.bigmilk.ru/media/uploads/images/foto2013%20art/FO3MQHz-bBg.jpg" style="height:50px; width:50px" title="" /></a></li>\r\n	<li contenteditable="false"><a href="http://doski.bigmilk.ru/media/uploads/images/foto2013%20art/FxG-EBmIo8M.jpg"><img alt="" contenteditable="false" src="http://doski.bigmilk.ru/media/uploads/images/foto2013%20art/FxG-EBmIo8M.jpg" style="height:33px; width:50px" title="" /></a></li>\r\n	<li contenteditable="false"><a href="http://doski.bigmilk.ru/media/uploads/images/foto2013%20art/gAog5wwAv8I.jpg"><img alt="" contenteditable="false" src="http://doski.bigmilk.ru/media/uploads/images/foto2013%20art/gAog5wwAv8I.jpg" style="height:50px; width:50px" title="" /></a></li>\r\n	<li contenteditable="false"><a href="http://doski.bigmilk.ru/media/uploads/images/foto2013%20art/gIBzOg4hP1s.jpg"><img alt="" contenteditable="false" src="http://doski.bigmilk.ru/media/uploads/images/foto2013%20art/gIBzOg4hP1s.jpg" style="height:50px; width:50px" title="" /></a></li>\r\n</ul>\r\n</div>\r\n</div>\r\n</div>\r\n<script src="http://doski.bigmilk.ru/media/admin/js/ckeditor/plugins/slideshow/3rdParty/ad-gallery/jquery.ad-gallery.min.js" type="text/javascript"></script><script type="text/javascript">$(''head'').append(''<link rel="stylesheet" href="http://doski.bigmilk.ru/media/admin/js/ckeditor/plugins/slideshow/3rdParty/fancybox2/jquery.fancybox.css?v=2.1.5" type="text/css" />'');</script><script src="http://doski.bigmilk.ru/media/admin/js/ckeditor/plugins/slideshow/3rdParty/fancybox2/jquery.fancybox.pack.js?v=2.1.5" type="text/javascript"></script><script type="text/javascript">$(function() {$("#ad-gallery_cke_9qjqbymq_slideShow").on("click",".ad-image",function(){var imgObj =$(this).find("img");var isrc=imgObj.attr("src");var ititle=null;var idesc=null;var iname=isrc.split(''/'');iname=iname[iname.length-1];var imgdescid=$(this).find(".ad-image-description");if(imgdescid){ititle=$(this).find(".ad-description-title");if(ititle)ititle=ititle.text();if(ititle!='''')ititle=''<big>''+ititle+''</big>'';idesc=$(this).find("span");if(idesc)idesc=idesc.text();if(idesc!=''''){if(ititle!='''')ititle=ititle+''<br>'';idesc=''<i>''+idesc+''</i>'';}}$.fancybox.open({href:isrc,beforeLoad:function(){this.title=ititle+idesc;},});});});</script><script type="text/javascript">$(''head'').append(''<link rel="stylesheet" href="http://doski.bigmilk.ru/media/admin/js/ckeditor/plugins/slideshow/3rdParty/ad-gallery/jquery.ad-gallery.css" type="text/css" />'');</script><script type="text/javascript">$(function() {   var galleries = $(''#ad-gallery_cke_9qjqbymq_slideShow'').adGallery({loader_image: ''http://doski.bigmilk.ru/media/admin/js/ckeditor/plugins/slideshow/3rdParty/ad-gallery/loader.gif'', width:false, height:500, start_at_index: 0, animation_speed: 500, update_window_hash: false, effect: ''slide-hori'', slideshow: { enable: true, autostart: false, speed: 5000,},});});</script></div>\r\n\r\n<p>&nbsp;</p>\r\n\r\n<p><img src="http://www.ucarecdn.com/a43a237b-617c-4c51-a109-8a1e2e48221a/-/crop/1605x1828/173,220/-/resize/x1600/" style="height:1026px; width:900px" /><iframe allowfullscreen="" frameborder="0" height="506" mozallowfullscreen="" src="//player.vimeo.com/video/78848064" webkitallowfullscreen="" width="900"></iframe></p>\r\n\r\n<p>&nbsp;</p>\r\n</div>\r\n', 9999999, 1),
(4, 'How-will-we-make-it', 'D&K 2012', '<p style="text-align:center"><span style="font-size:16px"><strong>DОSКИ&amp;КРАSКИ 2012&nbsp;&nbsp;| &nbsp;Лофт проект ЭТАЖИ</strong></span></p>\r\n\r\n<p style="text-align:center"><strong><img alt="" src="/media/uploads/images/event-image-poster.jpg" style="height:635px; width:450px" /></strong></p>\r\n\r\n<p style="margin-left:40px; text-align:center">&nbsp;</p>\r\n\r\n<p><em><span style="font-size:14px">&quot;Спасибо все кто пришел и кто хотел,думал, но не пришел! Спасибо всем, кто помогал,кто предлагал,кто привозил и увозил! Спасибо за ваши улыбки, благодарности, идеи и просто ваши лица! Нам было приятно наблюдать этот поток! Спасибо всем, кто потрудился и написал пожелания в блокноте! Спасибо все желающим вписаться и тем, кто вписался! Мы постараемся вас радовать новыми идеями! И еще...берегите себя и близких! Любите и будьте любимы! Peace love LOVE LOVE!!!&quot;</span></em></p>\r\n\r\n<p>&nbsp;</p>\r\n\r\n<p style="text-align:right"><span style="font-size:12px"><strong><em>С любовью, организаторы&nbsp;DОSКИ&amp;КРАSКИ</em></strong></span></p>\r\n\r\n<p style="text-align:right">&nbsp;</p>\r\n\r\n<p style="margin-left:40px">&nbsp;</p>\r\n\r\n<div>\r\n<p><span style="font-size:14px"><em>&quot;Разрисованные, сломанные, яркие и черно-белые &ndash; такими представлены &laquo;доски&raquo; команд молодых художников-райдеров. Для этих ребят есть только две страсти &ndash; скорость и свобода. Верность своим предпочтениям, увлечениям заметна и на самих &laquo;деревянных полотнах&raquo;. На одном из них изображен парень, который зажал в своих крепких объятьях скейт, и на &laquo;доску&raquo; нанесены следующие слова: &laquo;Eternal love&raquo;(в переводе с англ. &ndash; Вечная любовь).&nbsp;Разные стили и техника были использованы для создания работ. С помощью этого авторы передают свое субъективное отношение к реальности, &nbsp;показывают многогранность собственного внутреннего мира.Работы были созданы специально для данного мероприятия командами из Москвы, Санкт-Петербурга, Зеленогорска, Щецина, Пскова и Владикавказа. &nbsp; Каждое творение &nbsp;уникально. От добрых псов до ужасающих черепов и скелетов &ndash; тут можно заметить &laquo;синтез&raquo; миров, взглядов, творческих пространств, что и придает выставке &laquo;Doskи&amp;Kraskи&raquo; неповторимость, &nbsp;некоторую безграничность стилей и образов.&quot;</em></span></p>\r\n\r\n<p style="text-align:right"><strong><em><span style="font-size:12px">Артём Толкачёв, корреспондент Livefruit.ru</span></em></strong></p>\r\n\r\n<p style="text-align:right">&nbsp;</p>\r\n\r\n<p style="text-align:right">&nbsp;</p>\r\n\r\n<p><em><span style="font-size:14px">&quot;Сегодня побывали на открытии выставки DOSKI I KRASKI. В целом экспозиция достойна внимания и очень радует взгляд райдера. Два легких минуса - отсутствие нормального освещения и очень маленькое количество &quot;настоящих&quot; досок (в основном фанерные муляжи, которые не так смотрятся без шейпа даже стараниями художников). Но это как раз говорит о том, что отечественный шейпер маленько отстает от общего развития движения :) Зато те &quot;настоящие&quot;, чтоб были, внушают оптимизм и очень круто смотрятся в росписи!&quot;</span></em></p>\r\n\r\n<p style="text-align:right">&nbsp;</p>\r\n\r\n<p style="text-align:right"><strong><em><span style="font-size:12px">Nevsky Surf.&nbsp;Первый лонгбордический</span></em></strong></p>\r\n\r\n<p style="text-align:right">&nbsp;</p>\r\n\r\n<p><span style="font-size:14px"><em>&quot;Открылось все как подобает.&quot; &nbsp;</em></span></p>\r\n\r\n<p>&nbsp;</p>\r\n\r\n<p style="text-align:right"><strong><span style="font-size:12px">Егор Маричев, // D i n a m i k a longboards&nbsp;&nbsp;</span></strong></p>\r\n\r\n<div style="text-align:center">&nbsp;</div>\r\n\r\n<div>&nbsp;</div>\r\n\r\n<div>\r\n<p><span style="font-size:14px">Выставка DОSКИ&amp;КРАSКИ представила живопись и графику команды молодых художников-райдеров в Лофт Проекте ЭТАЖИ открыв зрителю новое пространство &quot;Катушки&quot;.&nbsp;</span><span style="font-size:14px">На выставке можно было увидеть, как команда художников из Москвы, Санкт-Петербурга, Зеленогорска, Щецина, Пскова, Владикавказа, создали общую экспозицию, используя разные материалы для подачи своего творчества. Яркий пример, демонстрирующий разнообразие культуры сёрфинга и скейтбординга &mdash; как пласт субкультуры современности. История каждого участника уникальна и задала общий стиль и характер выставки. Все работы были сделаны специально для мероприятия.</span></p>\r\n\r\n<p>&nbsp;</p>\r\n\r\n<p>&nbsp;</p>\r\n\r\n<p style="text-align:center"><span style="font-size:14px"><strong>ХУДОЖНИКИ DОSКИ&amp;КРАSКИ 2012</strong></span></p>\r\n\r\n<p>&nbsp;</p>\r\n</div>\r\n</div>\r\n\r\n<p><img alt="" src="/media/uploads/images/xydojniki/03dc6d0213b2221787d1078401462d48.jpg" style="height:150px; width:150px" /><img alt="" src="/media/uploads/images/xydojniki/44531b25936277b2c1f2b95357b9bd3e.jpg" style="height:150px; width:150px" /><img alt="" src="/media/uploads/images/xydojniki/5781442fbe949874542f08afebb163f8.jpg" style="height:150px; width:150px" /><img alt="" src="/media/uploads/images/xydojniki/808ef6ba51e2d22f0e513d222e2b9e38.jpg" style="height:150px; width:150px" /><img alt="" src="/media/uploads/images/xydojniki/ac0ed6142ce874d605c9e2d2be157ba2.jpg" style="height:150px; width:150px" /><img alt="" src="/media/uploads/images/xydojniki/da72e24c736d9da6ad9d831df062374e.jpg" style="height:150px; width:150px" /></p>\r\n\r\n<p><img alt="" src="/media/uploads/images/xydojniki/d4963f26a982cab239993700795bf9f1.jpg" style="height:150px; width:150px" /><img alt="" src="/media/uploads/images/xydojniki/ca6e21decf33397089d59c59eabcbec1.jpg" style="height:150px; width:150px" /><img alt="" src="/media/uploads/images/xydojniki/ccad9a3958ba5b8dd4533038feb25c90.jpg" style="height:150px; width:150px" /><img alt="" src="/media/uploads/images/xydojniki/b43b26bbb07affe69c925258d70d1753.jpg" style="height:150px; width:150px" /><img alt="" src="/media/uploads/images/xydojniki/dd9a052ac45e2d3c5326f7491615198f.jpg" style="height:150px; width:150px" /><img alt="" src="/media/uploads/images/xydojniki/fcc0bfcd4427b3e090ad02dc769c96f5.jpg" style="height:150px; width:150px" /></p>\r\n\r\n<p>&nbsp;</p>\r\n\r\n<div>/ MARTEN / ДАША KUDRI / P.M. / SNOOM SEMAY / ДИМА ТРС / VALENTINA CHE / 8KATE DOG / АРТЕМ СТРИЖКОВ / ЯКИМЕНКО ОЛЯ / IVANIKA / ОПАСНЫХ МАКСИМ / GUDERMES / ТАКТАК</div>\r\n\r\n<div>&nbsp;</div>\r\n\r\n<div><strong>ПРИ ПОДДЕРЖКЕ</strong></div>\r\n\r\n<div><u><a href="http://loftprojectetagi.ru">Лофт проект Этажи</a>&nbsp;/ <a href="http://vk.com/public24849651">Фотограф Николай Никитин</a>&nbsp; /&nbsp;<a href="http://vk.com/fullfarsh">Fullfarsh&nbsp;</a>&nbsp;/ <a href="http://www.grolsch.com/">Grolsch</a> /&nbsp;<a href="http://vk.com/silan666">Видео Александр Силантьев</a> /&nbsp;<a href="http://vk.com/club26952040">BOARDSHOP №1</a>&nbsp;/ <a href="http://vk.com/dobrota_club">Т.О. ДОБРОТА</a>&nbsp;&nbsp;/&nbsp;<a href="http://vk.com/truejohnsmith">John Smith</a>&nbsp;/ <a href="http://vk.com/superape">Superape</a>&nbsp;/&nbsp;<a href="http://nevskysurf.ru/">Nevsky Surf</a>&nbsp;/ <a href="http://vk.com/dinamika_longboards">// D i n a m i k a longboards&nbsp;</a></u></div>\r\n\r\n<div>&nbsp;</div>\r\n\r\n<div>&nbsp;</div>\r\n\r\n<div>&nbsp;</div>\r\n\r\n<div>\r\n<hr />\r\n<p>&nbsp;</p>\r\n\r\n<p>&nbsp;</p>\r\n</div>\r\n\r\n<p style="text-align:center"><span style="font-size:20px"><strong>ВИДЕО \\ VIDEO</strong></span></p>\r\n\r\n<p style="text-align:center"><span style="font-size:14px"><u><a href="http://www.youtube.com/watch?feature=player_embedded&amp;v=IZGGOofs25I">Открытие выставки DОSКИ&amp;КРАSКИ 2012 | Александр Силантьев</a></u></span></p>\r\n\r\n<p style="text-align:center"><span style="font-size:14px"><u><a href="http://vimeo.com/55260063">DOSKИ &amp; КРАSKИ 2012 | Cancer King</a></u></span></p>\r\n\r\n<div class="embeddedContent"><iframe allowfullscreen="" frameborder="0" height="720" mozallowfullscreen="" src="//player.vimeo.com/video/55260063" title="DOSKИ &amp; КРАSKИ" webkitallowfullscreen="" width="1280"></iframe></div>\r\n\r\n<div class="embeddedContent"><iframe allowfullscreen="true" allowscriptaccess="always" frameborder="0" height="349" scrolling="no" src="//www.youtube.com/embed/IZGGOofs25I?wmode=transparent&amp;jqoemcache=U4Bsu" width="425"></iframe></div>\r\n\r\n<p>&nbsp;</p>\r\n\r\n<p style="text-align:center"><span style="font-size:20px"><strong>ФОТО \\ PHOTO</strong></span></p>\r\n\r\n<p style="text-align:center">&nbsp;</p>\r\n\r\n<p><img alt="" src="/media/uploads/images/etaji/323wMWuf0_k.jpg" style="height:200px; width:300px" /><img alt="" src="/media/uploads/images/etaji/4j42O0uhBMg.jpg" style="height:200px; width:300px" /><img alt="" src="/media/uploads/images/etaji/4Ng1Ut5aXG8.jpg" style="height:200px; width:300px" /></p>\r\n\r\n<p><img alt="" src="/media/uploads/images/etaji/4VEmvfpzubY.jpg" style="height:200px; width:300px" /><img alt="" src="/media/uploads/images/etaji/78eNelF9x80.jpg" style="height:200px; width:300px" /><img alt="" src="/media/uploads/images/etaji/7usGsTt81L4.jpg" style="height:200px; width:300px" /></p>\r\n\r\n<p><img alt="" src="/media/uploads/images/etaji/A1Z0J_yI5_0.jpg" style="height:300px; width:450px" /><img alt="" src="/media/uploads/images/etaji/9WMfrZ0HGYg.jpg" style="width:450px" /></p>\r\n\r\n<p><img alt="" src="/media/uploads/images/etaji/AcYiY8verA4.jpg" style="height:200px; width:300px" /><img alt="" src="/media/uploads/images/etaji/adWSaiINEyI.jpg" style="height:200px; width:300px" /><img alt="" src="/media/uploads/images/etaji/9O-mkbBCl4A.jpg" style="height:200px; width:300px" /></p>\r\n\r\n<p><img alt="" src="/media/uploads/images/etaji/ASFgK74LeL0.jpg" style="height:200px; width:300px" /><img alt="" src="/media/uploads/images/etaji/bKmSp1JmWbs.jpg" style="height:200px; width:300px" /><img alt="" src="/media/uploads/images/etaji/DKBJVqNiSPg.jpg" style="height:200px; width:300px" /></p>\r\n\r\n<p><img alt="" src="/media/uploads/images/etaji/eD07_KQETx0.jpg" style="height:300px; width:450px" /><img alt="" src="/media/uploads/images/etaji/dojsLXaLHqc.jpg" style="height:300px; width:450px" /></p>\r\n\r\n<p><img alt="" src="/media/uploads/images/etaji/Fe5dMYqQL3k.jpg" style="height:200px; width:300px" /><img alt="" src="/media/uploads/images/etaji/HIvz6Rkdl6M.jpg" style="height:200px; width:300px" /><img alt="" src="/media/uploads/images/etaji/I0QZM-i_j3M.jpg" style="height:200px; width:300px" /></p>\r\n\r\n<p><img alt="" src="/media/uploads/images/etaji/j1wDQ2w9YQA.jpg" style="height:200px; width:300px" /><img alt="" src="/media/uploads/images/etaji/l-q1yQlKfX0.jpg" style="height:200px; width:300px" /><img alt="" src="/media/uploads/images/etaji/lrbT0XSEx3Q.jpg" style="height:200px; width:300px" /></p>\r\n\r\n<p><img alt="" src="/media/uploads/images/etaji/mvo6tTu0ptE.jpg" style="height:300px; width:450px" /><img alt="" src="/media/uploads/images/etaji/O8gBXwwzp4E.jpg" style="height:300px; width:450px" /></p>\r\n\r\n<p><span style="font-size:12px"><strong>DОSКИ&amp;КРАSКИ 2012 | Фотоотчёт Лофт Проект Этажи | Фотограф Христина Антонович</strong></span></p>\r\n\r\n<p>&nbsp;</p>\r\n\r\n<div>\r\n<p>&nbsp;</p>\r\n\r\n<p><img alt="" src="/media/uploads/images/AUuyICe4ce4.jpg" style="height:200px; width:300px" /><img alt="" src="/media/uploads/images/AwrY0DA4Rg8.jpg" style="height:200px; width:300px" /><img alt="" src="/media/uploads/images/BaLALKuxUcg.jpg" style="height:200px; width:300px" /></p>\r\n\r\n<p><img alt="" src="/media/uploads/images/eYl3LfmOqdE.jpg" style="height:200px; width:300px" /><img alt="" src="/media/uploads/images/F6LzSOcAL84.jpg" style="height:200px; width:300px" /><img alt="" src="/media/uploads/images/gMGpQ52-ZOs.jpg" style="height:200px; width:300px" /></p>\r\n\r\n<p><img alt="" src="/media/uploads/images/mlqmizAtkA4.jpg" style="height:200px; width:300px" /><img alt="" src="/media/uploads/images/mrdRueJs9mY.jpg" style="height:200px; width:300px" /><img alt="" src="/media/uploads/images/nlNVTC3ENak.jpg" style="height:200px; width:300px" /></p>\r\n\r\n<p><img alt="" src="/media/uploads/images/Ot0E7gAMtOU.jpg" style="height:200px; width:300px" /><img alt="" src="/media/uploads/images/oyqlX3j6KKw.jpg" style="height:200px; width:300px" /><img alt="" src="/media/uploads/images/QEtma59XKUA.jpg" style="height:200px; width:300px" /></p>\r\n\r\n<p><img alt="" src="/media/uploads/images/r-kovNA-L5c.jpg" style="height:200px; width:300px" /><img alt="" src="/media/uploads/images/x8diPMsTS6g.jpg" style="height:200px; width:300px" /><img alt="" src="/media/uploads/images/yYVRK2CwGus.jpg" style="height:200px; width:300px" /></p>\r\n\r\n<p><img alt="" src="/media/uploads/images/RdM9uFqVeKo.jpg" style="width:225px" /><img alt="" src="/media/uploads/images/fphNA4uX6MM.jpg" style="width:225px" /><img alt="" src="/media/uploads/images/WeeF5jZyv50.jpg" style="width:225px" /><img alt="" src="/media/uploads/images/aItYcCcM0ls.jpg" style="width:225px" /></p>\r\n\r\n<p><img alt="" src="/media/uploads/images/TXFEzyGX3p4.jpg" style="width:450px" /></p>\r\n\r\n<p><span style="font-size:12px"><strong>DОSКИ&amp;КРАSКИ 2012 | Фототчёт IVANIKA</strong></span></p>\r\n\r\n<p>&nbsp;</p>\r\n\r\n<p><img alt="" src="/media/uploads/images/nikitin/5fAMCh5Spx0.jpg" style="width:450px" /><img alt="" src="/media/uploads/images/nikitin/ACry_qHLtGw.jpg" style="width:450px" /></p>\r\n\r\n<p><img alt="" src="/media/uploads/images/nikitin/1_6jxJeya6A.jpg" style="height:200px; width:300px" /><img alt="" src="/media/uploads/images/nikitin/6-vliYNJEbE.jpg" style="height:200px; width:300px" /><img alt="" src="/media/uploads/images/nikitin/915HFamTUpU.jpg" style="height:200px; width:300px" /></p>\r\n\r\n<p><img alt="" src="/media/uploads/images/nikitin/-lmNg-sbR44.jpg" style="height:200px; width:300px" /><img alt="" src="/media/uploads/images/nikitin/868fdP4mSyw.jpg" style="height:200px; width:300px" /><img alt="" src="/media/uploads/images/nikitin/Cq7W3YZLFVk.jpg" style="height:200px; width:300px" /></p>\r\n\r\n<p><img alt="" src="/media/uploads/images/nikitin/9Mj26o9LDd4.jpg" style="height:200px; width:300px" /><img alt="" src="/media/uploads/images/nikitin/hAhgj73t7Kk.jpg" style="height:200px; width:300px" /><img alt="" src="/media/uploads/images/nikitin/dyY3eKTAcgo.jpg" style="height:200px; width:300px" /></p>\r\n\r\n<p><img alt="" src="/media/uploads/images/nikitin/a2zpLQEMqa4.jpg" style="height:200px; width:300px" /><img alt="" src="/media/uploads/images/nikitin/Ii38b5PLVGc.jpg" style="height:200px; width:300px" /><img alt="" src="/media/uploads/images/nikitin/jHDaUoachdM.jpg" style="height:200px; width:300px" /></p>\r\n\r\n<p><img alt="" src="/media/uploads/images/nikitin/I3kueLXsyNg.jpg" style="width:450px" /><img alt="" src="/media/uploads/images/nikitin/iM62_g-cRsU.jpg" style="width:450px" /></p>\r\n\r\n<p><img alt="" src="/media/uploads/images/nikitin/K3h6ZK5Vgoc.jpg" style="height:200px; width:300px" /><img alt="" src="/media/uploads/images/nikitin/iir3Vcx22E8.jpg" style="height:200px; width:300px" /><img alt="" src="/media/uploads/images/nikitin/MLslo8vPLp8.jpg" style="height:200px; width:300px" /></p>\r\n\r\n<p><img alt="" src="/media/uploads/images/nikitin/KQleLRf4v7U.jpg" style="height:200px; width:300px" /><img alt="" src="/media/uploads/images/nikitin/nWLrsnJr_Bg.jpg" style="height:200px; width:300px" /><img alt="" src="/media/uploads/images/nikitin/mZqtqtb8cP0.jpg" style="height:200px; width:300px" /></p>\r\n\r\n<p><img alt="" src="/media/uploads/images/nikitin/kou62j1Mk8I.jpg" style="width:450px" /><img alt="" src="/media/uploads/images/nikitin/qaUrKnAUwOw.jpg" style="width:450px" /></p>\r\n\r\n<p><img alt="" src="/media/uploads/images/nikitin/psEqC1jVc4U.jpg" style="height:200px; width:300px" /><img alt="" src="/media/uploads/images/nikitin/Qby6HMyOI1A.jpg" style="width:300px" /><img alt="" src="/media/uploads/images/nikitin/pu9TleioIuI.jpg" style="height:200px; width:300px" /></p>\r\n\r\n<p><img alt="" src="/media/uploads/images/nikitin/QehI_ERa63k.jpg" style="height:200px; width:300px" /><img alt="" src="/media/uploads/images/nikitin/QKLB0UdIG9o.jpg" style="height:200px; width:300px" /><img alt="" src="/media/uploads/images/nikitin/tyRaxeF-xxE.jpg" style="height:200px; width:300px" /></p>\r\n\r\n<p><img alt="" src="/media/uploads/images/nikitin/XtM5kG2aMBk.jpg" style="height:300px; width:450px" /><img alt="" src="/media/uploads/images/nikitin/ts3UJN1Z6Xo.jpg" style="width:450px" /></p>\r\n\r\n<p><img alt="" src="/media/uploads/images/nikitin/v-0aRgHztEw.jpg" style="height:200px; width:300px" /><img alt="" src="/media/uploads/images/nikitin/uwrY7aOUXhI.jpg" style="height:200px; width:300px" /><img alt="" src="/media/uploads/images/nikitin/Wgt2vxJrlv4.jpg" style="height:200px; width:300px" /></p>\r\n\r\n<p><img alt="" src="/media/uploads/images/nikitin/xa-6OYTtYSM.jpg" style="width:450px" /><img alt="" src="/media/uploads/images/nikitin/XGlNJVcPogA.jpg" style="width:450px" /></p>\r\n\r\n<p><span style="font-size:12px"><strong>DОSКИ&amp;КРАSКИ 2012 | Фотограф Николай Никитин</strong></span></p>\r\n\r\n<p>&nbsp;</p>\r\n\r\n<p><img alt="" src="/media/uploads/images/livefruit/01.jpg" style="height:200px; width:300px" /><img alt="" src="/media/uploads/images/livefruit/02.jpg" style="height:200px; width:300px" /><img alt="" src="/media/uploads/images/livefruit/07.jpg" style="height:200px; width:300px" /></p>\r\n\r\n<p><img alt="" src="/media/uploads/images/livefruit/03.jpg" style="height:338px; width:225px" /><img alt="" src="/media/uploads/images/livefruit/04.jpg" style="height:338px; width:225px" /><img alt="" src="/media/uploads/images/livefruit/05.jpg" style="height:338px; width:225px" /><img alt="" src="/media/uploads/images/livefruit/10.jpg" style="height:338px; width:225px" /></p>\r\n\r\n<p><img alt="" src="/media/uploads/images/livefruit/06.jpg" style="height:318px; width:450px" /><img alt="" src="/media/uploads/images/livefruit/13.jpg" style="height:318px; width:450px" /></p>\r\n\r\n<p><img alt="" src="/media/uploads/images/livefruit/12.jpg" style="height:199px; width:300px" /><img alt="" src="/media/uploads/images/livefruit/09.jpg" style="height:199px; width:300px" /><img alt="" src="/media/uploads/images/livefruit/11.jpg" style="height:199px; width:300px" /></p>\r\n</div>\r\n\r\n<p><span style="font-size:12px"><strong>DОSКИ&amp;КРАSКИ 2012 | Фототчёт Livefruit.ru | Фотограф Екатерина Синотова</strong></span></p>\r\n\r\n<div>&nbsp;</div>\r\n\r\n<div>&nbsp;</div>\r\n\r\n<div>\r\n<div>&nbsp;</div>\r\n</div>\r\n\r\n<p>&nbsp;</p>\r\n\r\n<p>&nbsp;</p>\r\n', 9999999, 0);
INSERT INTO `userpages` (`id`, `uri`, `title`, `content`, `order`, `hidden`) VALUES
(5, 'OPENING-OF-THE-SUMMER', 'D&К 2013', '<p style="text-align: center;">\r\n	<span style="font-size:20px;"><strong>DОSКИ &amp; КРАSКИ 2013 &nbsp; &nbsp; | &nbsp; &nbsp;OPENING OF THE SUMMER</strong></span></p>\r\n<p style="text-align: center;">\r\n	&nbsp;</p>\r\n<p style="text-align: center;">\r\n	<span style="font-size:16px;"><strong><img alt="" src="/media/uploads/images/%D0%B0%D1%84%D0%B8%D1%88%D0%B0.jpg" style="width: 550px; height: 708px;" /></strong></span></p>\r\n<p style="text-align: center;">\r\n	&nbsp;</p>\r\n<p>\r\n	<span style="font-size:12px;"><em>&quot;Нам приятно было видеть ваши довольные лица и улыбки! Говорим спасибо всем, кто участвовал в выставочном проекте DОSКИ &amp; КРАSКИ 2013! Пространству &laquo;Тайга&raquo; и лично Марку Калинину,&nbsp; за прекрасные площадки и помощь в организации. &nbsp;Отдельное спасибо магазину &laquo;Невский сёрф&raquo; Ивану и Алексею, именно их доски легли в основу экспозиции выставки.&nbsp; Всей команде магазина Traektoria boardshop &nbsp;&ndash; &nbsp;искреннее спасибо ребята, без вас этой выставки вообще не было бы. Художнику tame69 за дизайн афиши и футболок.&nbsp; Художнику Славе PTRK за яркий мастер-класс. Всем художникам за то, что вы делаете. Мастерской Smiths Workshop, Дима и Андрей &ndash; спасибо, что помогали нам на открытии, успехов вам! &nbsp;Вася Ганешин и Саша Snoom - вам спасибо за помощь в перевозке всего нашего искусства! Создательнице украшений Knick-Knack &nbsp;&ndash; &nbsp;Саше Коняхиной и Вове. Чехлы ZombieWizard &ndash; Алёнушка и Дима мы вас любим! Дмитрию Роткину за титанический труд на монтаже. Компании &nbsp;Grolsch за созданную атмосферу веселья и праздника. &nbsp;Музыкантам: Саше Велшу (5:40am) за волшебный idm в белом зале, Кириллу Черневу (21 outside) за атмосферный саксофон. Группам My uncle George и TOMMYTOMMY за живой звук и позитивную энергетику. Отдельная благодарность Даниилу Михалёву и вообще, Хотьково Рулит :).&nbsp; Пространству ЧЕТВЕРТЬ и лично Роме Красильникову за проведение after party выставки и Quarter Event Zone. Жиробассу Григорию и Жиробассу Еноту из JiroBASS Family (White Trash Coast) за их большую инициативу в проведении и организации фанового контеста &ndash; вы космически крутые ребята!&nbsp; За призы для контеста спасибо Traektoria boardshop и МЕЧ CLOTHING. &nbsp;</em></span></p>\r\n<p>\r\n	<span style="font-size:12px;"><em>Без вас всех мы бы не справились, и этот &nbsp;день не получился бы таким ярким и хорошим! Мы будем стараться делать больше интересных событий, что бы вам было где реализовывать свой потенциал. Хотим сказать спасибо и всем тем, кто посетил нашу &nbsp;выставку &nbsp;в Пространстве &laquo;Тайга&raquo; с 4 по 14 мая, и тем, кто помогал ее сохранять в &nbsp;целостности и сохранности!&nbsp; Peace. Love. Art.&quot;</em></span></p>\r\n<p style="text-align: right;">\r\n	<span style="font-size:12px;"><strong style="text-align: right;"><em>С любовью, организаторы проекта DОSКИ&amp;КРАSКИ</em></strong></span></p>\r\n<p style="text-align: right;">\r\n	&nbsp;</p>\r\n<p style="text-align: center;">\r\n	&nbsp;</p>\r\n<div>\r\n	<p style="text-align: center;">\r\n		<span style="font-size:16px;"><strong>ХУДОЖНИКИ DОSКИ&amp;КРАSКИ 2013</strong></span></p>\r\n	<p style="text-align: center;">\r\n		&nbsp;</p>\r\n	<p style="text-align: center;">\r\n		<img alt="" src="/media/uploads/images/hudojniki%202013/0ca44ed98fbcf9fdc2cfcdfb987a117f.jpg" style="width: 125px; height: 125px;" /><img alt="" src="/media/uploads/images/hudojniki%202013/13865e80ee41c9e3f3008ac553405ed7.jpg" style="width: 125px; height: 125px;" /><img alt="" src="/media/uploads/images/hudojniki%202013/107ae19625b00803c326fce529bd8f2c.jpg" style="width: 125px; height: 125px;" /><img alt="" src="/media/uploads/images/hudojniki%202013/0e8d8b0a6b9dac8f83424bf80317e5ca.jpg" style="width: 125px; height: 125px;" /><img alt="" src="/media/uploads/images/hudojniki%202013/15d3067a198492467bfe2c470e85ecd4.jpg" style="width: 125px; height: 125px;" /><img alt="" src="/media/uploads/images/hudojniki%202013/f5e9202b4353de829749a7ade9ecf123.jpg" style="width: 125px; height: 125px;" /><img alt="" src="/media/uploads/images/hudojniki%202013/45730fe6b2d53657942a29ade35ee840.jpg" style="width: 125px; height: 125px;" /><img alt="" src="/media/uploads/images/hudojniki%202013/5c82fe0e5a78b592c78953dbd6868e7e.jpg" style="width: 125px; height: 125px;" /><img alt="" src="/media/uploads/images/hudojniki%202013/70253d8d4df3812c36eafdfe947fef8c.jpg" style="width: 125px; height: 125px;" /><img alt="" src="/media/uploads/images/hudojniki%202013/9d1b0eff3fa75d9701dbea3b3717c124.jpg" style="width: 125px; height: 125px;" /><img alt="" src="/media/uploads/images/hudojniki%202013/a08327773b679d36e6794cced7dbd774.jpg" style="width: 125px; height: 125px;" /><img alt="" src="/media/uploads/images/hudojniki%202013/a9a9ee69898eacdb07b61d6bb07331fc.jpg" style="width: 125px; height: 125px;" /><img alt="" src="/media/uploads/images/hudojniki%202013/5781442fbe949874542f08afebb163f8.jpg" style="width: 125px; height: 125px;" /><img alt="" src="/media/uploads/images/hudojniki%202013/b43b26bbb07affe69c925258d70d1753.jpg" style="width: 125px; height: 125px;" /><img alt="" src="/media/uploads/images/hudojniki%202013/cb9374f3b2a098fde78e3face0c3bdde.jpg" style="width: 125px; height: 125px;" /><img alt="" src="/media/uploads/images/hudojniki%202013/d5abfe98b00ab2d7992e131a81773d7a.jpg" style="width: 125px; height: 125px;" /><img alt="" src="/media/uploads/images/hudojniki%202013/fcc0bfcd4427b3e090ad02dc769c96f5.jpg" style="width: 125px; height: 125px;" /><img alt="" src="/media/uploads/images/hudojniki%202013/ac0ed6142ce874d605c9e2d2be157ba2.jpg" style="width: 125px; height: 125px;" /><img alt="" src="/media/uploads/images/hudojniki%202013/d219f6b879f13e16e7dd54115e4eba7d.jpg" style="width: 125px; height: 125px;" /><img alt="" src="/media/uploads/images/hudojniki%202013/3b5dbb876aa070bdb7a912625afaa9d6.jpg" style="width: 125px; height: 125px;" /><img alt="" src="/media/uploads/images/hudojniki%202013/dd9a052ac45e2d3c5326f7491615198f.jpg" style="width: 125px; height: 125px;" /><img alt="" src="/media/uploads/images/hudojniki%202013/e2821699b917c4305aa2ae23ffa739cb.jpg" style="width: 125px; height: 125px;" /><img alt="" src="/media/uploads/images/hudojniki%202013/f4b9d69def6b879409a68257f0c19503.jpg" style="width: 125px; height: 125px;" /><img alt="" src="/media/uploads/images/hudojniki%202013/f5111e63603b62439f8a22d63d9cdbf6.jpg" style="width: 125px; height: 125px;" /><img alt="" src="/media/uploads/images/hudojniki%202013/f77801ba5ecd79898ba1db6e98886de8.jpg" style="width: 125px; height: 125px;" /><img alt="" src="/media/uploads/images/hudojniki%202013/fe7237b33fa4cc2eb75fc0ab020ec301.jpg" style="width: 125px; height: 125px;" /></p>\r\n	<p style="text-align: center;">\r\n		&nbsp;</p>\r\n	<p style="text-align: center;">\r\n		<span style="font-size:12px;"><strong>/ ДИМА ТРС / ДАША KUDRI / P.M. / ТАКТАК / MARTEN / ТAME 69 / ИНГА ГУРВИЧ / ВЛАДИСЛАВ ПАЦИАНСКИЙ / СТЕПАН ЖУРАВЛЕВ / IVANIKA &nbsp;/ ДМИТРИЙ СМОЛЯКОВ / CHILL WILL / СЛАВА PTRK / ВЕРА КАЛУГИНА / CAITLIN / ОЛЯ ЯКИМЕНКО / ЯРОСЛАВ СВИЧЕВСКИЙ / АЛЕКСЕЙ CAEZ / ИЛЬЯ ТОРАВИК / ВА СК / НИКИТА БАСКАКОВ / ЕГОР KEON / САША SAMER / РОМЕО ГРИБОЧКИН / БРЕНДОН ДОН / СЕРГЕЙ ПАРШИН <span style="font-size:11px;">/&nbsp;</span></strong></span><span style="font-size:11px;">special guest: Enot Jjk , Smiths Workshop</span></p>\r\n	<p>\r\n		&nbsp;</p>\r\n	<hr />\r\n	<p>\r\n		&nbsp;</p>\r\n</div>\r\n<p style="text-align: center;">\r\n	<span style="font-size:16px;"><strong>ВИДЕО \\ VIDEO</strong></span></p>\r\n<p>\r\n	&nbsp;</p>\r\n<p style="text-align: center;">\r\n	&nbsp;</p>\r\n<p style="text-align: center;">\r\n	<span style="font-size:14px;"><u><a href="http://vk.com/video-43113178_166187195">ДОСКИ &amp;&nbsp;КРАСКИ (ТАЙГА) 04.05.2013&nbsp;| Антон Волков</a></u></span></p>\r\n<p style="text-align: center;">\r\n	<span style="font-size:14px;"><u><a href="http://vk.com/video-43113178_166263332">DОSКИ &amp; КРАSКИ 2013 | Пространство &quot;Тайга&quot; &nbsp;| &nbsp;Ivan Cros, Nika Davidova&nbsp;&nbsp;&nbsp;</a></u></span></p>\r\n<p style="text-align: center;">\r\n	<span style="font-size:14px;"><u><a href="http://http://vk.com/video-43113178_166357962">DОSКИ &amp; КРАSКИ 2013&nbsp;| (Bonus video контест)&nbsp;&nbsp;|&nbsp; Ivan Cros, Nika Davidova</a></u></span></p>\r\n<p style="text-align: center;">\r\n	<span style="font-size:14px;"><u><a href="http://vk.com/video-43113178_166360210">TommyTommy - DОSКИ &amp; КРАSКИ Trip 04.05.2013 |&nbsp;TommyTommy&nbsp;</a></u></span></p>\r\n<p id="watch-headline-title" style="margin: 0px; padding: 0px; border: 0px; font-size: 19px; background-color: transparent; overflow: hidden; white-space: nowrap; word-wrap: normal; text-overflow: ellipsis; color: rgb(0, 0, 0); font-family: arial, sans-serif; text-align: center;">\r\n	<a href="http://www.youtube.com/watch?v=rtfQdyKHW78&amp;feature=youtu.be"><span style="font-size:14px;"><u><span class="watch-title  yt-uix-expander-head" dir="ltr" id="eow-title" style="margin: 0px; padding: 0px; border: 0px; background-color: transparent; cursor: auto; -webkit-user-select: auto;" title="//dinamika on DOSKИ &amp; KPASКИ">//dinamika on DOSKИ &amp; KPASКИ</span></u></span></a></p>\r\n<p>\r\n	&nbsp;</p>\r\n<p style="text-align: center;">\r\n	<strong><span style="font-size:16px;">и даже...АУДИО \\ AUDIO</span></strong></p>\r\n<p>\r\n	&nbsp;</p>\r\n<p style="text-align: center;">\r\n	<u><a href="http://jf.spbu.ru/radio/1847-13721.html">Нестандартный подход к живописи продемонстрировали художники выставки DОSКИ &amp; КРАSКИ. В чем он заключается расскажет Елизар Пирогов.</a></u></p>\r\n<p>\r\n	<span style="font-size:11px;">&nbsp; &nbsp; Звукорежиссер: Мария Быкова</span></p>\r\n<p>\r\n	&nbsp;</p>\r\n<p style="text-align: center;">\r\n	<strong><span style="font-size:16px;">ФОТО \\ PHOTO</span></strong></p>\r\n<p style="text-align: center;">\r\n	&nbsp;</p>\r\n<p style="text-align: center;">\r\n	<img alt="" src="/media/uploads/images/foto2013%20art/DPAhGqZExuM.jpg" style="width: 300px; height: 200px;" /><img alt="" src="/media/uploads/images/foto2013%20art/ENARm_OxsjE.jpg" style="width: 300px; height: 200px;" /><img alt="" src="/media/uploads/images/foto2013%20art/ieGlZrraui8.jpg" style="width: 300px; height: 200px;" /><img alt="" src="/media/uploads/images/foto2013%20art/R1zLagLjjt0.jpg" style="width: 450px; height: 300px;" /><img alt="" src="/media/uploads/images/foto2013%20art/x5d1ksLMcRk.jpg" style="width: 450px; height: 300px;" /></p>\r\n<p style="text-align: center;">\r\n	<img alt="" src="/media/uploads/images/foto2013%20art/s1E2OQR-i3Y.jpg" style="width: 300px; height: 200px;" /><img alt="" src="/media/uploads/images/foto2013%20art/tAIeW0DxJUA.jpg" style="width: 300px; height: 200px;" /><img alt="" src="/media/uploads/images/foto2013%20art/ZBWActvjVpg.jpg" style="width: 300px; height: 200px;" /><img alt="" src="/media/uploads/images/foto2013%20art/WbW_62yEJIE.jpg" style="width: 300px; height: 200px;" /><img alt="" src="/media/uploads/images/foto2013%20art/E1c5kdgmuUQ.jpg" style="width: 300px; height: 200px;" /><img alt="" src="/media/uploads/images/foto2013%20art/KGYJsx0we-M.jpg" style="width: 300px; height: 200px;" /><img alt="" src="/media/uploads/images/foto2013%20art/Xorz5-JkPDk.jpg" style="width: 300px; height: 200px;" /><img alt="" src="/media/uploads/images/foto2013%20art/KRzHJEACsPQ.jpg" style="width: 300px; height: 200px;" /><img alt="" src="/media/uploads/images/foto2013%20art/FxG-EBmIo8M.jpg" style="width: 300px; height: 200px;" /><img alt="" src="/media/uploads/images/foto2013%20art/WBNu_nvixeo.jpg" style="width: 225px; height: 225px;" /><img alt="" src="/media/uploads/images/foto2013%20art/7wCnKEabh-k.jpg" style="width: 225px; height: 225px;" /><img alt="" src="/media/uploads/images/foto2013%20art/gAog5wwAv8I.jpg" style="width: 225px; height: 223px;" /><img alt="" src="/media/uploads/images/foto2013%20art/aBk4tAOxjQo.jpg" style="width: 225px; height: 225px;" /></p>\r\n<p style="text-align: center;">\r\n	&nbsp;</p>\r\n<p style="text-align: center;">\r\n	<img alt="" src="/media/uploads/images/foto%202013%20stensil/7wMdPB_sw-4.jpg" style="width: 300px; height: 199px;" /><img alt="" src="/media/uploads/images/foto%202013%20stensil/HXG0Vqx9mA8.jpg" style="width: 300px; height: 199px;" /><img alt="" src="/media/uploads/images/foto%202013%20stensil/HZZ5jEX-088.jpg" style="width: 300px; height: 197px;" /></p>\r\n<p style="text-align: center;">\r\n	&nbsp;</p>\r\n<p style="text-align: center;">\r\n	<img alt="" src="/media/uploads/images/foto%202013%20stensil/0a87ttQfiEE.jpg" style="width: 300px; height: 200px;" /><img alt="" src="/media/uploads/images/foto%202013%20stensil/36k7dOQNH9g.jpg" style="width: 300px; height: 200px;" /><img alt="" src="/media/uploads/images/foto%202013%20stensil/Fntk8OlNPOY.jpg" style="width: 300px; height: 200px;" /><img alt="" src="/media/uploads/images/foto%202013%20stensil/8GitHNauj_g.jpg" style="width: 300px; height: 200px;" /><img alt="" src="/media/uploads/images/foto%202013%20stensil/jddEPhgA0Qk.jpg" style="width: 300px; height: 200px;" /><img alt="" src="/media/uploads/images/foto%202013%20stensil/8ZSKowFJzkM.jpg" style="width: 300px; height: 200px;" /></p>\r\n<p style="text-align: center;">\r\n	<img alt="" src="/media/uploads/images/foto%202013%20stensil/gkWGG_u3r5I.jpg" style="width: 300px; height: 200px;" /><img alt="" src="/media/uploads/images/foto%202013%20stensil/IS5qOjJntIE.jpg" style="width: 300px; height: 200px;" /><img alt="" src="/media/uploads/images/foto%202013%20stensil/Iadg_YJ1wbU.jpg" style="width: 300px; height: 200px;" /><img alt="" src="/media/uploads/images/foto%202013%20stensil/jDZ1jrBi4FM.jpg" style="width: 300px; height: 200px;" /><img alt="" src="/media/uploads/images/foto%202013%20stensil/lI5vJZyX_0Y.jpg" style="width: 300px; height: 200px;" /><img alt="" src="/media/uploads/images/foto%202013%20stensil/KuHgu4WnzRU.jpg" style="width: 300px; height: 200px;" /><img alt="" src="/media/uploads/images/foto%202013%20stensil/qGJqgvBee44.jpg" style="width: 300px; height: 200px;" /><img alt="" src="/media/uploads/images/foto%202013%20stensil/qoO6l8V9D34.jpg" style="width: 300px; height: 200px;" /><img alt="" src="/media/uploads/images/foto%202013%20stensil/TA0dAb06NNk.jpg" style="width: 300px; height: 200px;" /><img alt="" src="/media/uploads/images/foto%202013%20stensil/tLJh-NDqvMY.jpg" style="width: 300px; height: 200px;" /><img alt="" src="/media/uploads/images/foto%202013%20stensil/WTn97zbwTs0.jpg" style="width: 300px; height: 200px;" /><img alt="" src="/media/uploads/images/foto%202013%20stensil/Xutv2k_C-nw.jpg" style="width: 300px; height: 200px;" /><img alt="" src="/media/uploads/images/foto%202013%20stensil/ZtKWfkdvfG8.jpg" style="width: 300px; height: 200px;" /><img alt="" src="/media/uploads/images/foto%202013%20stensil/Zp1IODo2UCw.jpg" style="width: 300px; height: 200px;" /><img alt="" src="/media/uploads/images/foto%202013%20stensil/zWeNhC4inQs.jpg" style="width: 300px; height: 200px;" /></p>\r\n<p style="text-align: center;">\r\n	&nbsp;</p>\r\n<p style="text-align: center;">\r\n	<img alt="" src="/media/uploads/images/dvor/_ZgSMwZFJcY.jpg" style="width: 450px; height: 300px;" /><img alt="" src="/media/uploads/images/dvor/3GFaxETKzNQ.jpg" style="width: 450px; height: 300px;" /><img alt="" src="/media/uploads/images/dvor/OuWZzFrc_f0.jpg" style="width: 300px; height: 200px;" /><img alt="" src="/media/uploads/images/dvor/p3B1y5Crs3c.jpg" style="width: 300px; height: 200px;" /><img alt="" src="/media/uploads/images/dvor/4f2Goat1jJs.jpg" style="width: 300px; height: 200px;" /><img alt="" src="/media/uploads/images/dvor/4nAPBe1GD6M.jpg" style="width: 300px; height: 200px;" /><img alt="" src="/media/uploads/images/dvor/me9-VDxPYt4.jpg" style="width: 300px; height: 200px;" /><img alt="" src="/media/uploads/images/dvor/73j6jm18Nd8.jpg" style="width: 300px; height: 200px;" /><img alt="" src="/media/uploads/images/dvor/boKAaOO4rkY.jpg" style="width: 300px; height: 200px;" /><img alt="" src="/media/uploads/images/dvor/EWlAOEsO3Gw.jpg" style="width: 300px; height: 200px;" /><img alt="" src="/media/uploads/images/dvor/6ZCG0PusAeQ.jpg" style="width: 300px; height: 200px;" /><img alt="" src="/media/uploads/images/dvor/IBEXmH3rulk.jpg" style="width: 300px; height: 200px;" /><img alt="" src="/media/uploads/images/dvor/iPqEYneeGUw.jpg" style="width: 300px; height: 200px;" /><img alt="" src="/media/uploads/images/dvor/nY_1rudbAfs.jpg" style="width: 300px; height: 200px;" /><img alt="" src="/media/uploads/images/dvor/TeFIPoShm1I.jpg" style="width: 450px; height: 300px;" /><img alt="" src="/media/uploads/images/dvor/V8o1O2IInOs.jpg" style="width: 450px; height: 300px;" /><img alt="" src="/media/uploads/images/dvor/v1TgRDgIoMQ.jpg" style="width: 300px; height: 200px;" /><img alt="" src="/media/uploads/images/dvor/tUxHu4a-B14.jpg" style="width: 300px; height: 200px;" /><img alt="" src="/media/uploads/images/dvor/XMB19oMm2uk.jpg" style="width: 300px; height: 200px;" /><img alt="" src="/media/uploads/images/dvor/Wo4XxSg5J20.jpg" style="width: 300px; height: 200px;" /><img alt="" src="/media/uploads/images/dvor/y0IoZiwI5hI.jpg" style="width: 300px; height: 200px;" /><img alt="" src="/media/uploads/images/dvor/X3utxX3bDtU.jpg" style="width: 300px; height: 200px;" /></p>\r\n<p style="text-align: center;">\r\n	&nbsp;</p>\r\n<p style="text-align: center;">\r\n	<img alt="" src="/media/uploads/images/muz/1zcYyC8PoWI.jpg" style="width: 300px; height: 200px;" /><img alt="" src="/media/uploads/images/muz/9k0t-ZdcQB4.jpg" style="width: 300px; height: 200px;" /><img alt="" src="/media/uploads/images/muz/_yoOBHAVRwM.jpg" style="width: 300px; height: 200px;" /><img alt="" src="/media/uploads/images/muz/cAvFSIb55kg.jpg" style="width: 300px; height: 200px;" /><img alt="" src="/media/uploads/images/muz/6-P3T-iqvoo.jpg" style="width: 300px; height: 200px;" /><img alt="" src="/media/uploads/images/muz/zmA3R7mNOXY.jpg" style="width: 300px; height: 200px;" /><img alt="" src="/media/uploads/images/muz/nSzoOYdZirM.jpg" style="width: 450px; height: 253px;" /><img alt="" src="/media/uploads/images/muz/BtjJoXjXK2U.jpg" style="width: 450px; height: 253px;" /><img alt="" src="/media/uploads/images/muz/hBVmiaQ26QI.jpg" style="width: 300px; height: 200px;" /><img alt="" src="/media/uploads/images/muz/NIsq1lNnQnI.jpg" style="width: 300px; height: 200px;" /><img alt="" src="/media/uploads/images/muz/p3B1y5Crs3c.jpg" style="width: 300px; height: 200px;" /><img alt="" src="/media/uploads/images/muz/Es-Lrq7o2EM.jpg" style="width: 450px; height: 253px;" /><img alt="" src="/media/uploads/images/muz/SulFP1eN4Mw.jpg" style="width: 450px; height: 250px;" /><img alt="" src="/media/uploads/images/muz/vi8MQbCQ7jc.jpg" style="width: 450px; height: 300px;" /><img alt="" src="/media/uploads/images/muz/r9lAUaYKlCg.jpg" style="width: 450px; height: 300px;" /><img alt="" src="/media/uploads/images/muz/oOZNCOTVWc0.jpg" style="width: 225px; height: 338px;" /><img alt="" src="/media/uploads/images/muz/R-U6MccF0pI.jpg" style="width: 225px; height: 338px;" /><img alt="" src="/media/uploads/images/muz/uYzxuYumVbA.jpg" style="width: 225px; height: 338px;" /><img alt="" src="/media/uploads/images/muz/_UbCUbe3bdM.jpg" style="width: 225px; height: 338px;" /><img alt="" src="/media/uploads/images/muz/8p7a3IGdnio.jpg" style="width: 450px; height: 300px;" /><img alt="" src="/media/uploads/images/muz/OKIrLIcWLt0.jpg" style="width: 450px; height: 300px;" /></p>\r\n<p style="text-align: center;">\r\n	&nbsp;</p>\r\n<p style="text-align: center;">\r\n	<span style="font-size:11px;">DОSКИ&amp;КРАSКИ 2013 | Фотографы: Николай Никитин, Захар Смирнов, Лиза Ковалёва, Ма Гу, Rash Хxx, Veronika Spen, Роман Родионов, Любовь Кауэр, Инга Гурвич, Алька Малиновареневая.</span></p>\r\n<p style="text-align: center;">\r\n	&nbsp;</p>\r\n<hr />\r\n<p style="text-align: center;">\r\n	&nbsp;</p>\r\n<p>\r\n	<span style="font-size:11px;"><em>&laquo;Было очень позитивно и наикрутейше душевно! Организаторы, вы - большие молодцы - мероприятие вышло чумовое! надеюсь у вас все же получиться привезти его в Мск! Хотя в&nbsp;столице конечно нет таких крутейших мест для его проведения.. Но мы в вас верим!) А Питер и питерцы нас покорили.. бесспорно)) Всем респектушки!)&raquo; &nbsp; &nbsp; &nbsp; &nbsp; &nbsp; &nbsp;</em></span></p>\r\n<p style="text-align: right;">\r\n	<span style="font-size:11px;"><em>&nbsp; &nbsp;&nbsp;</em><strong style="text-align: right;">Андрей Ванин, TommyTommy</strong><em>&nbsp; &nbsp; &nbsp; &nbsp; &nbsp; &nbsp; &nbsp; &nbsp; &nbsp; &nbsp; &nbsp; &nbsp; &nbsp; &nbsp; &nbsp; &nbsp;&nbsp;</em></span></p>\r\n<p style="text-align: right;">\r\n	&nbsp;</p>\r\n<p>\r\n	<span style="font-size:11px;"><em>&laquo;Замечательные день, погода, выставка, музыка, пиво, и люди! Все было круто, всело и серьезно.&raquo;</em></span></p>\r\n<p style="text-align: right;">\r\n	<span style="font-size:11px;"><strong>Никита Bob Зенцов</strong></span></p>\r\n<p>\r\n	&nbsp;</p>\r\n<p>\r\n	<span style="font-size:11px;"><em>&laquo;Ажиотаж, происходящий в арт-пространстве &laquo;Тайга&raquo; с 4 по 14 мая &mdash; заслуга трёх девушек,&nbsp;выпускниц Московского художественно-промышленного института Марины Петровой и Дарьи Тереховой, а также петербурженки Анны Кобзевой, работающих над проектом с лета 2012 года. Как и в прошлый раз, они попросили художников предоставить свои работы на двух &laquo;носителях&raquo; &mdash; классических холстах и, собственно, досках &mdash; то есть скейт- и лонгбордах. А в качестве &laquo;свободной темы&raquo; в этот раз добавился некий абстрактный арт-объект &mdash; в соответствии со спецификой выставки, деревянный. Находящиеся в центре внимания лонгборды &mdash; суть более устойчивые и скоростные снаряды, нежели классические скейты, с комфортными мягкими колёсами и большим простором для создания выразительного дизайна. Последняя черта оказалась привлекательной для многих художников, специализирующихся на уличном искусстве, граффити, эскизах для татуировок, классической живописи и графике. Их работы и сформировали экспозицию &laquo;Dоsки &amp; Краsки 2013&raquo;</em></span></p>\r\n<p style="text-align: right;">\r\n	<span style="font-size:11px;"><strong>Александр Гурьев, &nbsp;<u><a href="http://www.uprc.net/">www.uprc.net</a></u></strong></span></p>\r\n<p>\r\n	&nbsp;</p>\r\n<p>\r\n	<span style="font-size:11px;"><em>&laquo;Самый летний выставочный проект этой весны открывает свои двери для всех желающих в&nbsp;уютном пространстве &quot;Тайга&quot;. DOSKИ &amp; KPASКИ &mdash; вторая по счету выставка авторского дизайна перспективной команды молодых художников...&raquo;</em></span></p>\r\n<p style="text-align: right;">\r\n	<span style="font-size:11px;"><strong>&nbsp;Ольга, <u>modny.spb.ru</u></strong></span></p>\r\n<p>\r\n	&nbsp;</p>\r\n<p>\r\n	<span style="font-size:11px;"><em>&laquo;Признаюсь вам, что такие выставки и такие произведения меня интересуют больше чем Айвазовский и Врубель. А тут, на таких выставках, я задумываюсь о том, как сидит молодой парень или девушка. Раз, думает, нарисую картинку на доске. Взяла и нарисовала. Вот это мне&nbsp; интересно&hellip;&raquo;</em></span></p>\r\n<p style="text-align: right;">\r\n	<span style="font-size:11px;"><strong>http://sobolev82.livejournal.com</strong></span></p>\r\n<p>\r\n	&nbsp;</p>\r\n<p>\r\n	&nbsp;</p>\r\n<p>\r\n	<span style="font-size:11px;"><em>&laquo;Было весело и шумно. Организаторы постарались. И вторая выставка проекта подняла планку гораздо выше того с чего всё началось. И это ещё не конец!&raquo;</em></span></p>\r\n<p style="text-align: right;">\r\n	<span style="font-size:11px;"><strong>Алёна Исаева, мастерская ZombieWizard</strong></span></p>\r\n<p>\r\n	&nbsp;</p>\r\n<p>\r\n	<span style="font-size:11px;"><em>&laquo;В атмосфере позитива, дружеского общения и знакомства с работами молодых художников из&nbsp;разных городов прошла выставка Doski&amp;Kraski, которую второй год подряд организуют в Санкт-Петербурге три художницы. Вторая выставка DOSKИ &amp; KPASКИ, приуроченная к открытию летнего сезона, представила глазам зрителей расписанные лонгборды, живопись, графику и арт-объекты из дерева 28 художников. Все работы выполнены в разных стилях и техниках и подготовлены специально для мероприятия. В рамках выставки проходили бесплатные тесты лонгбордов Penny, Loaded и Sector9 от магазина Тraektoria boardshop. Все желающие могли попробовать покататься на досках в течение всего мероприятия.&raquo;</em></span></p>\r\n<p style="text-align: right;">\r\n	<span style="font-size:11px;"><strong>Блог магазина <u>Traektoria</u></strong></span></p>\r\n<p>\r\n	&nbsp;</p>\r\n<p>\r\n	<span style="font-size:11px;"><em>&laquo;Спасибо организаторам, естественно спасибо ребятам-художникам, и музыкантам спасибо, и всем пришедшим, очень здорово и душевно&hellip;&raquo;</em></span></p>\r\n<p style="text-align: right;">\r\n	<span style="font-size:11px;"><strong>Natalia Beloborodova</strong></span></p>\r\n<p>\r\n	&nbsp;</p>\r\n<p>\r\n	<span style="font-size:11px;"><em>&nbsp;&laquo;...<span style="color: rgb(0, 0, 0); font-family: tahoma, arial, verdana, sans-serif, ''Lucida Sans''; line-height: 17px;">Мы поддерживаем эту выставку с самого её начала, потому что считаем эту инициативу очень знаковой в уличных субкультурах, поскольку именно из неё рождаются первые крупные коллаборации в Санкт-Петербурге, и мы постараемся их развивать.&nbsp;</span><span style="color: rgb(0, 0, 0); font-family: tahoma, arial, verdana, sans-serif, ''Lucida Sans''; line-height: 17px;">Важный момент заключается в том, что результатом таких коллабораций являются доступные и функциональные снаряды, которые позволяют владельцу не переплачивать, а художнику - получать ощутимый результат своего труда, передавая его в стрит-культуру иногда лучше любой экспозиции. Круто выглядит, круто едет!&nbsp;</span><span style="color: rgb(0, 0, 0); font-family: tahoma, arial, verdana, sans-serif, ''Lucida Sans''; line-height: 17px;">Все эти деки доступны в нашем шоуруме и на <u><a href="http://nevskysurf.ru/">нашем сайте для электронного заказа</a></u>.</span>&raquo;</em></span></p>\r\n<p style="text-align: right;">\r\n	<span style="font-size:11px;"><strong>Магазин Nevsky Surf</strong></span></p>\r\n<p style="text-align: center;">\r\n	&nbsp;</p>\r\n<hr />\r\n<p style="">\r\n	&nbsp;</p>\r\n<p style="">\r\n	<strong><span style="font-size:16px;">ПРИ ПОДДЕРЖКЕ</span></strong></p>\r\n<p style="">\r\n	&nbsp;</p>\r\n<p>\r\n	Генеральные спонсоры -&nbsp;<u><a href="http://www.nevskysurf.ru/">Невский сёрф</a></u>&nbsp;<u>и</u>&nbsp;<u><a href="http://www.traektoria.ru/">Traektoria</a></u></p>\r\n<p>\r\n	&nbsp;</p>\r\n<p>\r\n	<u><a href="http://space-taiga.org/">Культурное пространство &laquo;Тайга&raquo;</a></u>&nbsp;<u>|</u>&nbsp;<u><a href="http://vk.com/smithsworkshop">Smiths Workshop</a></u>&nbsp;<u>|</u>&nbsp;<u><a href="http://vk.com/club5141040">Knick-Knack</a></u>&nbsp;<u>|</u>&nbsp;<u><a href="http://vk.com/zombiewizard">Чехлы для лонгбордов ZombieWizard&reg;</a></u>&nbsp;<u>|</u>&nbsp;<u><a href="http://www.grolsch.com/">Grolsch</a></u>&nbsp;<u>|</u>&nbsp;<u><a href="http://www.myspace.com/540am">5:40am</a></u>&nbsp;<u>|</u>&nbsp;<u><a href="http://soundcloud.com/21outside">21 outside</a></u>&nbsp;<u>|</u>&nbsp;<u><a href="http://vk.com/mugmusic">My uncle George</a></u>&nbsp;<u>|</u>&nbsp;<u><a href="http://vk.com/tommytommyband">TOMMYTOMMY</a></u>&nbsp;<u>|</u>&nbsp;<u><a href="http://qartr.tumblr.com/">Пространство ЧЕТВЕРТЬ</a></u>&nbsp;<u>|</u>&nbsp;<u><a href="http://vk.com/blank_sheet_of">бар &laquo;Чистый лист&raquo;</a>&nbsp;|</u>&nbsp;<u><a href="http://vk.com/jirobass_family">JiroBASS Family (White Trash Coast)</a></u>&nbsp;<u>|</u>&nbsp;<u><a href="http://vk.com/mech.clothing">МЕЧ CLOTHING&nbsp;</a>|</u>&nbsp;<u><a href="http://longboarding.org.ua">Федерация Лонгбординга Украины</a></u>&nbsp;<u>|</u>&nbsp;<u><a href="http://www.minsk8.com/">Минский скейтборд клуб &laquo;Дестройер&raquo;</a></u>&nbsp;<u>|</u>&nbsp;<u><a href="http://vk.com/piterstudents">Молодежный журнал Piter.Students</a></u>&nbsp;<u>|</u>&nbsp;<u><a href="http://vk.com/longboardsyndicate">Longboard Syndicate / Лонгборд Синдикат</a></u>&nbsp;<u>|</u>&nbsp;<u><a href="http://vk.com/dogwithsword">DOG WITH SWORD</a>&nbsp;|<a href="http://vk.com/pritonskateplaza">&nbsp;PRITON</a></u></p>\r\n<p>\r\n	&nbsp;</p>\r\n<p style="text-align: center;">\r\n	<strong>Предложения, пожелания и вопросы сотрудничества можно обсудить на <u><a href="mailto: doski.kraski@gmail.com">doski.kraski@gmail.com</a></u></strong></p>\r\n<div id="myEventWatcherDiv" style="display:none;">\r\n	&nbsp;</div>\r\n', 9999999, 0),
(6, 'd&k_f&l', 'D&К| F&L', '<p style="text-align:center"><span style="font-size:26px"><strong>DОSКИ&amp;КРАSКИ collaboration with МЕЧ CLOTHING</strong></span></p>\r\n\r\n<p style="text-align:center">&nbsp;</p>\r\n\r\n<p style="text-align:left"><img alt="" src="/media/uploads/images/992877_10201594878296403_2084115368_n.jpg" style="height:566px; width:400px" />&nbsp; &nbsp; &nbsp; &nbsp; &nbsp;<img alt="" src="/media/uploads/images/eX9GGrpwnVw%281%29.jpg" style="height:693px; width:350px" /></p>\r\n\r\n<p style="text-align:left">&nbsp;</p>\r\n\r\n<p style="text-align:left">&nbsp;</p>\r\n\r\n<p style="text-align:left">&nbsp;</p>\r\n\r\n<p style="text-align:left">&nbsp;</p>\r\n\r\n<p style="text-align:left">&nbsp;</p>\r\n\r\n<p style="text-align:left">10 и 11 августа в интерактивном выставочном проекте Faces&amp;Laces в Парке Горького приняли участие коллаборация выставки DОSКИ &amp; КРАSКИ и петербургского бренда одежды МЕЧ CLOTHING.</p>\r\n\r\n<p>МЕЧ CLOTHING представили московской публике новую коллекцию женской и мужской одежды, а DОSКИ&amp;КРАSКИ -10 скейтбордов с уникальной графикой.</p>\r\n\r\n<p>&nbsp;</p>\r\n\r\n<p style="text-align:center"><span style="font-size:14px"><strong>Художники от проекта DОSКИ&amp;КРАSКИ:</strong></span><br />\r\n&nbsp;</p>\r\n\r\n<p><img alt="" src="/media/uploads/images/QWSg8qDPmV4.jpg" style="height:567px; width:1000px" /></p>\r\n\r\n<p>&quot;Вместе с командой &quot;МЕЧ&quot; на выставку Faces&amp;Laces приехали талантливые художники из DOSKИKRASKИ! Специальной по этому случаю они разрисовали 10 досок, вкладывая в каждую эстетику собственного стиля и частичку &quot;МЕЧ&quot;. Одна из дек, к которой приложил руку&nbsp;<a class="mem_link" href="http://vk.com/id109412925" style="color: rgb(43, 88, 122); text-decoration: none; cursor: pointer; ">Дима Трс</a>&nbsp;уехала в Америку вместе с проскейтером Эриком Костоном, а остальные - в наш магазин, где их может приобрести каждый желающий.&quot;</p>\r\n\r\n<p style="text-align:right"><strong>МЕЧ</strong></p>\r\n\r\n<p style="text-align:right">&nbsp;</p>\r\n\r\n<p style="text-align:center"><strong><span style="font-size:16px">ФОТО \\ PHOTO</span></strong></p>\r\n\r\n<p style="text-align:right">&nbsp;</p>\r\n\r\n<p style="text-align:left"><strong><img alt="" src="/media/uploads/images/X9xyjeCkmxQ.jpg" style="height:266px; width:400px" />&nbsp; &nbsp; &nbsp; &nbsp;<img alt="" src="/media/uploads/images/1ZwlIwnBeF8.jpg" style="height:266px; width:400px" /></strong></p>\r\n\r\n<p style="text-align:left">&nbsp; &nbsp; &nbsp; &nbsp;</p>\r\n\r\n<p style="text-align:left">&nbsp; &nbsp; &nbsp;</p>\r\n\r\n<p style="text-align:left">&nbsp; &nbsp; &nbsp;</p>\r\n\r\n<p style="text-align:left">&nbsp;</p>\r\n\r\n<div id="myEventWatcherDiv" style="display:none;">&nbsp;</div>\r\n\r\n<div id="myEventWatcherDiv" style="display:none;">&nbsp;</div>\r\n\r\n<div id="myEventWatcherDiv" style="display:none;">&nbsp;</div>\r\n\r\n<div id="myEventWatcherDiv" style="display:none;">&nbsp;</div>\r\n\r\n<div id="myEventWatcherDiv" style="display:none;">&nbsp;</div>\r\n\r\n<div id="myEventWatcherDiv" style="display:none;">&nbsp;</div>\r\n\r\n<div id="myEventWatcherDiv" style="display:none;">&nbsp;</div>\r\n\r\n<div id="myEventWatcherDiv" style="display:none;">&nbsp;</div>\r\n\r\n<div id="myEventWatcherDiv" style="display:none;">&nbsp;</div>\r\n\r\n<div id="myEventWatcherDiv" style="display:none;">&nbsp;</div>\r\n\r\n<div id="myEventWatcherDiv" style="display:none;">&nbsp;</div>\r\n\r\n<div id="myEventWatcherDiv" style="display:none;">&nbsp;</div>\r\n\r\n<div id="myEventWatcherDiv" style="display:none;">&nbsp;</div>\r\n\r\n<div id="myEventWatcherDiv" style="display:none;">&nbsp;</div>\r\n\r\n<div id="myEventWatcherDiv" style="display:none;">&nbsp;</div>\r\n\r\n<div id="myEventWatcherDiv" style="display:none;">&nbsp;</div>\r\n\r\n<div id="myEventWatcherDiv" style="display:none;">&nbsp;</div>\r\n\r\n<div id="myEventWatcherDiv" style="display:none;">&nbsp;</div>\r\n\r\n<div id="myEventWatcherDiv" style="display:none;">&nbsp;</div>\r\n\r\n<div id="myEventWatcherDiv" style="display:none;">&nbsp;</div>\r\n\r\n<div id="myEventWatcherDiv" style="display:none;">&nbsp;</div>\r\n\r\n<div id="myEventWatcherDiv" style="display:none;">&nbsp;</div>\r\n\r\n<div id="myEventWatcherDiv" style="display:none;">&nbsp;</div>\r\n\r\n<div id="myEventWatcherDiv" style="display:none;">&nbsp;</div>\r\n\r\n<div id="myEventWatcherDiv" style="display:none;">&nbsp;</div>\r\n\r\n<div id="myEventWatcherDiv" style="display:none;">&nbsp;</div>\r\n\r\n<div id="myEventWatcherDiv" style="display:none;">&nbsp;</div>\r\n\r\n<div id="myEventWatcherDiv" style="display:none;">&nbsp;</div>\r\n', 9999999, 1),
(7, 'fests', 'ФЕСТИВАЛИ / Выставки', '<h2 style="text-align:center">Арт Стена 2013</h2>\r\n\r\n<p><img alt="" src="/media/uploads/images/9KbVTxXRj58.jpg" style="height:591px; width:890px" /></p>\r\n\r\n<p>&nbsp;</p>\r\n\r\n<p><strong>АРТ СТЕНА</strong> - это фестиваль уличного искусства, культуры и моды.<br />\r\nВ этом году &ldquo;Арт Стена&rdquo; станет чем-то большим, чем граффити-контест, попытаясь показать всю полноту современной уличной культуры, от стрит-арта до моды. На основной площадке 20 художников из России, Финляндии и Новой Зеландии покажут свое творчество на всевозможных поверхностях: от холстов до газелей. Чтобы уличное искусство по-настоящему ушло в массы, поверхностями для граффити станут шесть советских авто, владельцы которых согласились отдат</p>\r\n\r\n<p>&nbsp;</p>\r\n\r\n<p><img alt="" src="/media/uploads/images/WEEnbad6Rfg.jpg" style="height:592px; width:890px" /></p>\r\n\r\n<p>&nbsp;</p>\r\n\r\n<p><img alt="" src="/media/uploads/images/hRk8JucTqnQ.jpg" style="height:591px; width:890px" /></p>\r\n\r\n<p>&nbsp;</p>\r\n\r\n<p><img alt="" src="/media/uploads/images/_v76YaU0gMg.jpg" style="height:592px; width:890px" /></p>\r\n\r\n<div><iframe allowfullscreen="" frameborder="0" height="675" src="//www.youtube.com/embed/i9zEVoYkSDY" width="900"></iframe></div>\r\n\r\n<h2 style="text-align:center">&nbsp;</h2>\r\n\r\n<h2 style="text-align:center">DОSКИ&amp;КРАSКИ collaboration with МЕЧ CLOTHING</h2>\r\n\r\n<p>&nbsp;&nbsp;<img alt="" src="/media/uploads/images/992877_10201594878296403_2084115368_n%281%29.jpg" style="height:425px; width:300px" />&nbsp;&nbsp; &nbsp;<img alt="" src="/media/uploads/images/eX9GGrpwnVw%281%29%281%29.jpg" style="height:594px; width:300px" /></p>\r\n\r\n<p>&nbsp;</p>\r\n\r\n<p>10 и 11 августа в интерактивном выставочном проекте Faces&amp;Laces в Парке Горького приняли участие коллаборация выставки DОSКИ &amp; КРАSКИ и петербургского бренда одежды МЕЧ CLOTHING.</p>\r\n\r\n<p>&nbsp;</p>\r\n\r\n<p>МЕЧ CLOTHING представили московской публике новую коллекцию женской и мужской одежды, а DОSКИ&amp;КРАSКИ -10 скейтбордов с уникальной&nbsp;</p>\r\n\r\n<p><span style="font-size:14px"><strong>&nbsp;</strong></span></p>\r\n\r\n<p style="text-align:center"><span style="font-size:14px"><strong>Художники от проекта DОSКИ&amp;КРАSКИ:</strong></span><br />\r\n&nbsp;</p>\r\n\r\n<p><img alt="" src="/media/uploads/images/QWSg8qDPmV4%281%29.jpg" style="height:505px; width:890px" /></p>\r\n\r\n<p>&nbsp;</p>\r\n\r\n<p>&quot;Вместе с командой &quot;МЕЧ&quot; на выставку Faces&amp;Laces приехали талантливые художники из DOSKИKRASKИ! Специальной по этому случаю они разрисовали 10 досок, вкладывая в каждую эстетику собственного стиля и частичку &quot;МЕЧ&quot;. Одна из дек, к которой приложил руку&nbsp;<a class="mem_link" href="http://vk.com/id109412925" style="color: rgb(43, 88, 122); cursor: pointer;">Дима Трс</a>&nbsp;уехала в Америку вместе с проскейтером Эриком Костоном, а остальные - в наш магазин, где их может приобрести каждый желающий.&quot;</p>\r\n\r\n<p style="text-align:right"><strong>МЕЧ</strong></p>\r\n\r\n<p style="text-align:right">&nbsp;</p>\r\n\r\n<p><img alt="" src="/media/uploads/images/X9xyjeCkmxQ%281%29.jpg" style="height:279px; width:420px" />&nbsp;<img alt="" src="/media/uploads/images/1ZwlIwnBeF8%281%29.jpg" style="height:279px; width:420px" /></p>\r\n\r\n<p>&nbsp;</p>\r\n\r\n<p>&nbsp;</p>\r\n\r\n<p>&nbsp;</p>\r\n\r\n<p>&nbsp;</p>\r\n\r\n<p>&nbsp;</p>\r\n\r\n<div id="myEventWatcherDiv" style="display:none;">&nbsp;</div>\r\n\r\n<div id="myEventWatcherDiv" style="display:none;">&nbsp;</div>\r\n', 9999999, 0),
(8, 'autumnal_closing', 'D&K 2013', '<h2 style="text-align: center;">&nbsp;DOSKИ &amp; KРАSKИ 2013 &nbsp;| &nbsp;AUTUMNAL CLOSING&nbsp;</h2>\r\n\r\n<p style="text-align: center;"><img alt="" src="/media/uploads/images/6oX2U01y4Xo.jpg" style="height:790px; width:560px" /></p>\r\n\r\n<p><span style="font-size:12px"><em><span style="font-family:tahoma,arial,verdana,sans-serif,lucida sans">Наша осенняя выставка закрылась! И мы хотим сказать огромное спасибо всем художникам,участвовавшим в этот раз. Вы все молодцы! Мы очень рады новым знакомствам и старым встречам! Это было приятное сотрудничество, пусть и с небольшими неполадками :)</span><br />\r\n<span style="font-family:tahoma,arial,verdana,sans-serif,lucida sans">Еще хотим сказать спасибо нашему неизменному фотографу&nbsp;<a class="mem_link" href="http://vk.com/id24390428" style="color: rgb(43, 88, 122); cursor: pointer;">Николай Никитин</a>&nbsp;, ты как всегда был оперативен и качественен!:) Суперспасибо нашему спасителю-монтажнику&nbsp;<a class="mem_link" href="http://vk.com/rotkindmitry" style="color: rgb(43, 88, 122); cursor: pointer;">Дмитрий Роткин</a>, он все вешает ,пилит, клеит, сверлит, возит с нашей самой первой выставки! Без тебя мы как без рук!) Так же спасибо&nbsp;<a class="mem_link" href="http://vk.com/averse" style="color: rgb(43, 88, 122); cursor: pointer;">Юлия Аверс</a>&nbsp;и&nbsp;<a class="mem_link" href="http://vk.com/id443268" style="color: rgb(43, 88, 122); cursor: pointer;">Саша Пакин</a>&nbsp;за прекрасное вступительное слово на открытии и отчетное видео! Это было здорово!&nbsp;<br />\r\nОтдельное спасибо команде&nbsp;<a class="mem_link" href="http://vk.com/streetexhibition" style="color: rgb(43, 88, 122); cursor: pointer;">Fym&#39;s Art Squad</a>&nbsp;! С вами приятно работать! И думаем это наше не последнее общее дело!)<br />\r\nНу и конечно же спасибо нашим диджеям&nbsp;<a class="mem_link" href="http://vk.com/id59439141" style="color: rgb(43, 88, 122); cursor: pointer;">Коля Могила</a>&nbsp;,&nbsp;<a class="mem_link" href="http://vk.com/id3540132" style="color: rgb(43, 88, 122); cursor: pointer;">Мария Белякова</a>&nbsp;и&nbsp;<a class="mem_link" href="http://vk.com/id58320" style="color: rgb(43, 88, 122); cursor: pointer;">Лёля Нордик</a>! Вы создавали отличную атмосферу своими музыкальными подборками! Мы очень хотим с вами работать ещё!!!&nbsp;<br />\r\n<br />\r\nТак же спасибо всем пришедшим на нашу выставку, за ваши памятные рисунки на холсте, спасибо всем за теплую домашнюю атмосферу, которую вы создавали своим общением и улыбками!<br />\r\nМы мысленно всех обнимаем и до новых встреч! Дальше только больше!)<br />\r\n<br />\r\n<strong>peace love art</strong><br />\r\n<br />\r\nP.S.<br />\r\nпо всем вопросам касательно приобретения выставленных экспонатов, в том числе и доски, обращайтесь к нам :&nbsp;<a class="mem_link" href="http://vk.com/id28498248" style="color: rgb(43, 88, 122); cursor: pointer;">Финский Кот</a>&nbsp;и&nbsp;<a class="mem_link" href="http://vk.com/i.place" style="color: rgb(43, 88, 122); cursor: pointer;">Indefinite Place</a></span></em></span></p>\r\n\r\n<p>&nbsp;</p>\r\n\r\n<p><span style="font-size:12px"><em><span style="font-family:tahoma,arial,verdana,sans-serif,lucida sans"><img alt="" src="/media/uploads/images/46A7pjEynmk.jpg" style="height:194px; width:900px" /></span></em></span></p>\r\n', 9999999, 1);

--
-- Constraints for dumped tables
--

